{"actions":[],"apps":[{"acl":{"app":[],"field":[],"record":[]},"app":null,"category":{"categories":[],"useCategory":"false"},"form":{"layout":"[{\"id\":null,\"type\":\"ROW\",\"isSubTable\":false,\"var\":null,\"label\":null,\"controlList\":[{\"isVirtical\":true,\"styleMap\":{\"width\":193},\"type\":\"SINGLE_LINE_TEXT\",\"var\":\"company\",\"label\":\"会社名\"},{\"isVirtical\":true,\"styleMap\":{\"width\":111},\"type\":\"SINGLE_LINE_TEXT\",\"var\":\"deputy\",\"label\":\"所属\"},{\"isVirtical\":true,\"styleMap\":{\"width\":112},\"type\":\"SINGLE_LINE_TEXT\",\"var\":\"line\",\"label\":\"所属ライン\"},{\"isVirtical\":true,\"styleMap\":{\"width\":193},\"type\":\"SINGLE_LINE_TEXT\",\"var\":\"文字列__1行_\",\"label\":\"分類\"}]},{\"id\":null,\"type\":\"ROW\",\"isSubTable\":false,\"var\":null,\"label\":null,\"controlList\":[{\"isVirtical\":true,\"styleMap\":{\"width\":164},\"type\":\"SINGLE_LINE_TEXT\",\"var\":\"user_code\",\"label\":\"社員番号\"},{\"isVirtical\":true,\"styleMap\":{\"width\":310},\"type\":\"SINGLE_LINE_TEXT\",\"var\":\"use_name\",\"label\":\"名前\"}]}]","revision":null},"iconMeta":null,"info":{"automaticallyChooseTitleComponent":"true","code":null,"decimalPrecision":"16","decimalScale":"4","description":"","enableBulkDeletion":"false","enableRecordReuse":"true","fiscalYearStartMonth":"4","iconKey":"APP39","iconType":"PRESET","jsFiles":null,"jsScope":"ALL","name":"ユーザーマスタ","roundingMode":"HALF_EVEN","theme":"PLAIN","titleComponentLocalId":null,"useComment":"true","useHistory":"true","useInlineEditAndDelete":"true","useThumbnail":"true"},"jsFiles":[{"jsFileMetas":[{"internalName":null,"locationType":"BLOB","mime":"application/javascript","name":"ファイルに書き出すボタンを作成.js","url":null},{"internalName":null,"locationType":"BLOB","mime":"application/javascript","name":"全レコード削除ボタンとファイルから読み込むボタン.js","url":null}],"jsType":"DESKTOP"}],"notification":{"appNotifications":[{"events":["RECORD_COMMENT_ADDED"],"target":{"entityId":"13457526","entityType":"FIELD_ENTITY","includeSubs":"false"}},{"events":["RECORD_COMMENT_ADDED"],"target":{"entityId":"13457527","entityType":"FIELD_ENTITY","includeSubs":"false"}}],"recordNotifications":[],"reminderTimezone":null,"reminders":[],"useComment":"true","useReminder":"false"},"plugins":[],"reports":[],"resource":{"tables":[{"rows":[{"fields":[],"objectId":"0","subObjectId":"-1"}],"type":"AppName"},{"rows":[{"fields":[],"objectId":"0","subObjectId":"-1"}],"type":"AppDescription"},{"rows":[{"fields":[],"objectId":"13457525","subObjectId":"-1"},{"fields":[],"objectId":"13457526","subObjectId":"-1"},{"fields":[],"objectId":"13457527","subObjectId":"-1"},{"fields":[],"objectId":"13457528","subObjectId":"-1"},{"fields":[],"objectId":"13457529","subObjectId":"-1"},{"fields":[],"objectId":"13457530","subObjectId":"-1"},{"fields":[],"objectId":"13457531","subObjectId":"-1"},{"fields":[],"objectId":"13457532","subObjectId":"-1"},{"fields":[],"objectId":"13457533","subObjectId":"-1"},{"fields":[],"objectId":"13457534","subObjectId":"-1"},{"fields":[],"objectId":"13457626","subObjectId":"-1"},{"fields":[],"objectId":"13457627","subObjectId":"-1"},{"fields":[],"objectId":"13457629","subObjectId":"-1"},{"fields":[],"objectId":"13457954","subObjectId":"-1"}],"type":"FieldLabel"},{"rows":[{"fields":[],"objectId":"20","subObjectId":"-1"}],"type":"ViewName"},{"rows":[],"type":"CategoryName"}]},"schema":{"groups":[],"revision":null,"subTable":{},"table":{"fieldList":{"13457525":{"id":"13457525","label":"レコード番号","properties":{"noLabel":"false","required":"true"},"type":"RECORD_ID","var":"レコード番号"},"13457526":{"id":"13457526","label":"更新者","properties":{"noLabel":"false","required":"true"},"type":"MODIFIER","var":"更新者"},"13457527":{"id":"13457527","label":"作成者","properties":{"noLabel":"false","required":"true"},"type":"CREATOR","var":"作成者"},"13457528":{"id":"13457528","label":"更新日時","properties":{"noLabel":"false","required":"true"},"type":"MODIFIED_AT","var":"更新日時"},"13457529":{"id":"13457529","label":"作成日時","properties":{"noLabel":"false","required":"true"},"type":"CREATED_AT","var":"作成日時"},"13457530":{"id":"13457530","label":"ステータス","properties":{"noLabel":"false","required":"false"},"type":"STATUS","var":"ステータス"},"13457531":{"id":"13457531","label":"作業者","properties":{"noLabel":"false","required":"false"},"type":"STATUS_ASSIGNEE","var":"作業者"},"13457532":{"id":"13457532","label":"カテゴリー","properties":{"noLabel":"false","required":"false"},"type":"CATEGORY","var":"カテゴリー"},"13457533":{"id":"13457533","label":"社員番号","properties":{"defaultValue":"","expression":"","hideExpression":"false","max":"64","min":null,"noLabel":"false","required":"true","unique":"true"},"type":"SINGLE_LINE_TEXT","var":"user_code"},"13457534":{"id":"13457534","label":"名前","properties":{"defaultValue":"","expression":"","hideExpression":"false","max":null,"min":null,"noLabel":"false","required":"true","unique":"false"},"type":"SINGLE_LINE_TEXT","var":"use_name"},"13457626":{"id":"13457626","label":"会社名","properties":{"defaultValue":"","expression":"","hideExpression":"false","max":null,"min":null,"noLabel":"false","required":"false","unique":"false"},"type":"SINGLE_LINE_TEXT","var":"company"},"13457627":{"id":"13457627","label":"所属","properties":{"defaultValue":"","expression":"","hideExpression":"false","max":null,"min":null,"noLabel":"false","required":"false","unique":"false"},"type":"SINGLE_LINE_TEXT","var":"deputy"},"13457629":{"id":"13457629","label":"所属ライン","properties":{"defaultValue":"","expression":"","hideExpression":"false","max":null,"min":null,"noLabel":"false","required":"false","unique":"false"},"type":"SINGLE_LINE_TEXT","var":"line"},"13457954":{"id":"13457954","label":"分類","properties":{"defaultValue":"","expression":"","hideExpression":"false","max":null,"min":null,"noLabel":"false","required":"false","unique":"false"},"type":"SINGLE_LINE_TEXT","var":"文字列__1行_"}},"id":"1","label":"__ROOT__","properties":null,"var":"__ROOT__"}},"settingsNotesForm":{"content":null,"willBeInherited":null},"status":{"actions":[],"filters":[],"initialStateId":null,"states":[],"useStatus":"false"},"uuid":"fc2f96ef-e24e-46af-aa54-bf492058608d","views":[{"advancedMode":null,"builtinType":"ALL","device":null,"fields":[{"row":[{"columnWidth":null,"id":"13457525"},{"columnWidth":null,"id":"13457533"},{"columnWidth":null,"id":"13457534"},{"columnWidth":null,"id":"13457626"},{"columnWidth":null,"id":"13457627"},{"columnWidth":null,"id":"13457629"},{"columnWidth":null,"id":"13457954"}]}],"filter":{"category":null,"offset":null,"order":[],"q":null,"size":null,"sort":[]},"html":null,"keyFieldId":null,"name":"（すべて）","pager":null,"revision":null,"titleFieldId":null,"view":"20","viewType":"LIST"}]},{"acl":{"app":[],"field":[],"record":[]},"app":null,"category":{"categories":[],"useCategory":"false"},"form":{"layout":"[{\"id\":null,\"type\":\"ROW\",\"isSubTable\":false,\"var\":null,\"label\":null,\"controlList\":[{\"isVirtical\":true,\"styleMap\":{\"width\":272},\"type\":\"SINGLE_LINE_TEXT\",\"var\":\"ルックアップ\",\"label\":\"社員番号\"},{\"isVirtical\":true,\"styleMap\":{\"width\":244},\"type\":\"SINGLE_LINE_TEXT\",\"var\":\"user_code\",\"label\":\"名前\"}]},{\"id\":null,\"type\":\"ROW\",\"isSubTable\":false,\"var\":null,\"label\":null,\"controlList\":[{\"styleMap\":{\"width\":780},\"type\":\"HR\"}]},{\"id\":null,\"type\":\"ROW\",\"isSubTable\":false,\"var\":null,\"label\":null,\"controlList\":[{\"isVirtical\":true,\"styleMap\":{\"width\":193},\"type\":\"SINGLE_LINE_TEXT\",\"var\":\"lot_number\",\"label\":\"指図\"},{\"isVirtical\":true,\"styleMap\":{\"width\":196},\"type\":\"SINGLE_SELECT\",\"var\":\"is_repaire\",\"label\":\"状態\"}]},{\"id\":null,\"type\":\"ROW\",\"isSubTable\":false,\"var\":null,\"label\":null,\"controlList\":[{\"styleMap\":{\"width\":117,\"height\":66},\"elementId\":\"custom-table-space-RelatedRecords\",\"type\":\"SPACER\"}]},{\"id\":null,\"type\":\"ROW\",\"isSubTable\":false,\"var\":null,\"label\":null,\"controlList\":[{\"isVirtical\":true,\"styleMap\":{},\"type\":\"REFERENCE_TABLE\",\"var\":\"RelatedRecords\",\"label\":\"関連レコード一覧\"},{\"styleMap\":{\"width\":117,\"height\":66},\"elementId\":\"button-space-RelatedRecords\",\"type\":\"SPACER\"}]}]","revision":null},"iconMeta":null,"info":{"automaticallyChooseTitleComponent":"true","code":null,"decimalPrecision":"16","decimalScale":"4","description":"","enableBulkDeletion":"false","enableRecordReuse":"true","fiscalYearStartMonth":"4","iconKey":"APP39","iconType":"PRESET","jsFiles":null,"jsScope":"ALL","name":"AOI修理情報入力(SMT)","roundingMode":"HALF_EVEN","theme":"PLAIN","titleComponentLocalId":null,"useComment":"true","useHistory":"true","useInlineEditAndDelete":"true","useThumbnail":"true"},"jsFiles":[{"jsFileMetas":[{"internalName":null,"locationType":"BLOB","mime":"application/javascript","name":"AOI修理情報入力(SMT).js","url":null}],"jsType":"DESKTOP"}],"notification":{"appNotifications":[{"events":["RECORD_COMMENT_ADDED"],"target":{"entityId":"13457477","entityType":"FIELD_ENTITY","includeSubs":"false"}},{"events":["RECORD_COMMENT_ADDED"],"target":{"entityId":"13457478","entityType":"FIELD_ENTITY","includeSubs":"false"}}],"recordNotifications":[],"reminderTimezone":null,"reminders":[],"useComment":"true","useReminder":"false"},"plugins":[],"reports":[],"resource":{"tables":[{"rows":[{"fields":[],"objectId":"0","subObjectId":"-1"}],"type":"AppName"},{"rows":[{"fields":[],"objectId":"0","subObjectId":"-1"}],"type":"AppDescription"},{"rows":[{"fields":[],"objectId":"13457476","subObjectId":"-1"},{"fields":[],"objectId":"13457477","subObjectId":"-1"},{"fields":[],"objectId":"13457478","subObjectId":"-1"},{"fields":[],"objectId":"13457479","subObjectId":"-1"},{"fields":[],"objectId":"13457480","subObjectId":"-1"},{"fields":[],"objectId":"13457481","subObjectId":"-1"},{"fields":[],"objectId":"13457482","subObjectId":"-1"},{"fields":[],"objectId":"13457483","subObjectId":"-1"},{"fields":[],"objectId":"13457484","subObjectId":"-1"},{"fields":[],"objectId":"13457485","subObjectId":"-1"},{"fields":[],"objectId":"13457495","subObjectId":"-1"},{"fields":[],"objectId":"13457495","subObjectId":"13457493"},{"fields":[],"objectId":"13457495","subObjectId":"13457494"},{"fields":[],"objectId":"13457536","subObjectId":"-1"},{"fields":[],"objectId":"13457537","subObjectId":"-1"}],"type":"FieldLabel"},{"rows":[{"fields":[],"objectId":"20","subObjectId":"-1"}],"type":"ViewName"},{"rows":[],"type":"CategoryName"}]},"schema":{"groups":[],"revision":null,"subTable":{},"table":{"fieldList":{"13457476":{"id":"13457476","label":"レコード番号","properties":{"noLabel":"false","required":"true"},"type":"RECORD_ID","var":"レコード番号"},"13457477":{"id":"13457477","label":"更新者","properties":{"noLabel":"false","required":"true"},"type":"MODIFIER","var":"更新者"},"13457478":{"id":"13457478","label":"作成者","properties":{"noLabel":"false","required":"true"},"type":"CREATOR","var":"作成者"},"13457479":{"id":"13457479","label":"更新日時","properties":{"noLabel":"false","required":"true"},"type":"MODIFIED_AT","var":"更新日時"},"13457480":{"id":"13457480","label":"作成日時","properties":{"noLabel":"false","required":"true"},"type":"CREATED_AT","var":"作成日時"},"13457481":{"id":"13457481","label":"ステータス","properties":{"noLabel":"false","required":"false"},"type":"STATUS","var":"ステータス"},"13457482":{"id":"13457482","label":"作業者","properties":{"noLabel":"false","required":"false"},"type":"STATUS_ASSIGNEE","var":"作業者"},"13457483":{"id":"13457483","label":"カテゴリー","properties":{"noLabel":"false","required":"false"},"type":"CATEGORY","var":"カテゴリー"},"13457484":{"id":"13457484","label":"指図","properties":{"defaultValue":"","expression":"","hideExpression":"false","max":"10","min":"10","noLabel":"false","required":"true","unique":"true"},"type":"SINGLE_LINE_TEXT","var":"lot_number"},"13457485":{"id":"13457485","label":"関連レコード一覧","properties":{"noLabel":"false","required":"false"},"type":"REFERENCE_TABLE","var":"RelatedRecords"},"13457495":{"id":"13457495","label":"状態","properties":{"defaultValue":"13457493","noLabel":"false","options":[{"id":"13457493","label":"未修理","valid":true},{"id":"13457494","label":"修理済み","valid":true}],"required":"false"},"type":"SINGLE_SELECT","var":"is_repaire"},"13457536":{"id":"13457536","label":"名前","properties":{"defaultValue":"","expression":"","hideExpression":"false","max":null,"min":null,"noLabel":"false","required":"false","unique":"false"},"type":"SINGLE_LINE_TEXT","var":"user_code"},"13457537":{"id":"13457537","label":"社員番号","properties":{"defaultValue":"","expression":"","hideExpression":"false","max":null,"min":null,"noLabel":"false","required":"true","unique":"false"},"type":"SINGLE_LINE_TEXT","var":"ルックアップ"}},"id":"1","label":"__ROOT__","properties":null,"var":"__ROOT__"}},"settingsNotesForm":{"content":null,"willBeInherited":null},"status":{"actions":[],"filters":[],"initialStateId":null,"states":[],"useStatus":"false"},"uuid":"026b5208-9de0-414e-abaf-bbf79c2f8096","views":[{"advancedMode":null,"builtinType":"ALL","device":null,"fields":[{"row":[{"columnWidth":null,"id":"13457476"},{"columnWidth":null,"id":"13457484"},{"columnWidth":null,"id":"13457495"},{"columnWidth":null,"id":"13457536"},{"columnWidth":null,"id":"13457537"}]}],"filter":{"category":null,"offset":null,"order":[],"q":null,"size":null,"sort":[]},"html":null,"keyFieldId":null,"name":"（すべて）","pager":null,"revision":null,"titleFieldId":null,"view":"20","viewType":"LIST"}]},{"acl":{"app":[],"field":[],"record":[]},"app":null,"category":{"categories":[],"useCategory":"false"},"form":{"layout":"[{\"id\":null,\"type\":\"ROW\",\"isSubTable\":false,\"var\":null,\"label\":null,\"controlList\":[{\"isVirtical\":true,\"type\":\"SINGLE_LINE_TEXT\",\"styleMap\":{\"width\":193},\"label\":\"ID\",\"var\":\"unique_id\"}]},{\"id\":null,\"type\":\"ROW\",\"isSubTable\":false,\"var\":null,\"label\":null,\"controlList\":[{\"isVirtical\":true,\"type\":\"SINGLE_LINE_TEXT\",\"styleMap\":{\"width\":193},\"label\":\"ライン名\",\"var\":\"line_name\"}]},{\"id\":null,\"type\":\"ROW\",\"isSubTable\":false,\"var\":null,\"label\":null,\"controlList\":[{\"isVirtical\":true,\"type\":\"SINGLE_LINE_TEXT\",\"styleMap\":{\"width\":193},\"label\":\"Y番\",\"var\":\"model_code\"}]},{\"id\":null,\"type\":\"ROW\",\"isSubTable\":false,\"var\":null,\"label\":null,\"controlList\":[{\"isVirtical\":true,\"type\":\"SINGLE_LINE_TEXT\",\"styleMap\":{\"width\":193},\"label\":\"指図\",\"var\":\"lot_number\"}]},{\"id\":null,\"type\":\"ROW\",\"isSubTable\":false,\"var\":null,\"label\":null,\"controlList\":[{\"isVirtical\":true,\"type\":\"DECIMAL\",\"styleMap\":{\"width\":193},\"label\":\"基板番号\",\"var\":\"current_board_index\"}]},{\"id\":null,\"type\":\"ROW\",\"isSubTable\":false,\"var\":null,\"label\":null,\"controlList\":[{\"isVirtical\":true,\"type\":\"DECIMAL\",\"styleMap\":{\"width\":193},\"label\":\"不良番号\",\"var\":\"defect_number\"}]},{\"id\":null,\"type\":\"ROW\",\"isSubTable\":false,\"var\":null,\"label\":null,\"controlList\":[{\"isVirtical\":true,\"type\":\"SINGLE_LINE_TEXT\",\"styleMap\":{\"width\":193},\"label\":\"基板シリアル\",\"var\":\"serial\"}]},{\"id\":null,\"type\":\"ROW\",\"isSubTable\":false,\"var\":null,\"label\":null,\"controlList\":[{\"isVirtical\":true,\"type\":\"SINGLE_LINE_TEXT\",\"styleMap\":{\"width\":193},\"label\":\"リファレンス\",\"var\":\"reference\"}]},{\"id\":null,\"type\":\"ROW\",\"isSubTable\":false,\"var\":null,\"label\":null,\"controlList\":[{\"isVirtical\":true,\"type\":\"SINGLE_LINE_TEXT\",\"styleMap\":{\"width\":193},\"label\":\"不良名\",\"var\":\"defect_name\"}]},{\"id\":null,\"type\":\"ROW\",\"isSubTable\":false,\"var\":null,\"label\":null,\"controlList\":[{\"isVirtical\":true,\"type\":\"DECIMAL\",\"styleMap\":{\"width\":193},\"label\":\"X座標\",\"var\":\"x\"}]},{\"id\":null,\"type\":\"ROW\",\"isSubTable\":false,\"var\":null,\"label\":null,\"controlList\":[{\"isVirtical\":true,\"type\":\"DECIMAL\",\"styleMap\":{\"width\":193},\"label\":\"Y座標\",\"var\":\"y\"}]},{\"id\":null,\"type\":\"ROW\",\"isSubTable\":false,\"var\":null,\"label\":null,\"controlList\":[{\"isVirtical\":true,\"type\":\"SINGLE_LINE_TEXT\",\"styleMap\":{\"width\":193},\"label\":\"AOI検査員\",\"var\":\"aoi_user\"}]},{\"id\":null,\"type\":\"ROW\",\"isSubTable\":false,\"var\":null,\"label\":null,\"controlList\":[{\"isVirtical\":true,\"type\":\"DATETIME\",\"styleMap\":{\"width\":196},\"label\":\"更新日時\",\"var\":\"insert_datetime\"}]},{\"id\":null,\"type\":\"ROW\",\"isSubTable\":false,\"var\":null,\"label\":null,\"controlList\":[{\"isVirtical\":true,\"type\":\"SINGLE_LINE_TEXT\",\"styleMap\":{\"width\":193},\"label\":\"機種ラベル\",\"var\":\"model_label\"}]},{\"id\":null,\"type\":\"ROW\",\"isSubTable\":false,\"var\":null,\"label\":null,\"controlList\":[{\"isVirtical\":true,\"type\":\"SINGLE_LINE_TEXT\",\"styleMap\":{\"width\":193},\"label\":\"機種詳細ラベル\",\"var\":\"board_label\"}]},{\"id\":null,\"type\":\"ROW\",\"isSubTable\":false,\"var\":null,\"label\":null,\"controlList\":[{\"isVirtical\":true,\"styleMap\":{\"width\":193},\"type\":\"SINGLE_LINE_TEXT\",\"var\":\"board_number_label\",\"label\":\"基板番号ラベル\"}]},{\"id\":null,\"type\":\"ROW\",\"isSubTable\":false,\"var\":null,\"label\":null,\"controlList\":[{\"isVirtical\":true,\"styleMap\":{\"width\":193},\"type\":\"SINGLE_LINE_TEXT\",\"var\":\"parts_type\",\"label\":\"部品タイプ\"}]},{\"id\":null,\"type\":\"ROW\",\"isSubTable\":false,\"var\":null,\"label\":null,\"controlList\":[{\"isVirtical\":true,\"styleMap\":{\"width\":260},\"type\":\"FILE\",\"var\":\"defect_image\",\"label\":\"不良座標画像\"}]}]","revision":null},"iconMeta":null,"info":{"automaticallyChooseTitleComponent":"true","code":null,"decimalPrecision":"16","decimalScale":"4","description":"","enableBulkDeletion":"false","enableRecordReuse":"true","fiscalYearStartMonth":"4","iconKey":"APP39","iconType":"PRESET","jsFiles":null,"jsScope":"ALL","name":"AOI検査情報(SMT)","roundingMode":"HALF_EVEN","theme":"YELLOW","titleComponentLocalId":null,"useComment":"true","useHistory":"true","useInlineEditAndDelete":"true","useThumbnail":"true"},"jsFiles":[],"notification":{"appNotifications":[{"events":["RECORD_COMMENT_ADDED"],"target":{"entityId":"13457421","entityType":"FIELD_ENTITY","includeSubs":"false"}},{"events":["RECORD_COMMENT_ADDED"],"target":{"entityId":"13457422","entityType":"FIELD_ENTITY","includeSubs":"false"}}],"recordNotifications":[],"reminderTimezone":null,"reminders":[],"useComment":"true","useReminder":"false"},"plugins":[],"reports":[{"advancedMode":"false","filter":{"category":null,"offset":null,"order":[],"q":"f13457440 = TODAY()","size":null,"sort":[]},"isAborted":null,"name":"本日のリファレンス別不良数","processType":null,"report":"13457446","reportType":"SUBTOTAL","revision":null,"settings":"{\"groups\":[{\"id\":\"13457442\",\"op\":null},{\"id\":\"13457435\",\"op\":null}],\"summaries\":[{\"id\":null,\"op\":\"COUNT\"}],\"chartType\":\"bar\",\"stackType\":\"stacked\",\"sort\":[\"s0\"],\"order\":[\"DESC\"]}","tallyPeriod":null,"tallyStartDateTime":null},{"advancedMode":"false","filter":{"category":null,"offset":null,"order":[],"q":"f13457440 = THIS_YEAR()","size":null,"sort":[]},"isAborted":null,"name":"今年のリファレンス別不良数","processType":null,"report":"13457452","reportType":"SUBTOTAL","revision":null,"settings":"{\"groups\":[{\"id\":\"13457442\",\"op\":null},{\"id\":\"13457435\",\"op\":null}],\"summaries\":[{\"id\":null,\"op\":\"COUNT\"}],\"chartType\":\"bar\",\"stackType\":\"stacked\",\"sort\":[\"s0\"],\"order\":[\"DESC\"]}","tallyPeriod":null,"tallyStartDateTime":null},{"advancedMode":"false","filter":{"category":null,"offset":null,"order":[],"q":"f13457423 = TODAY()","size":null,"sort":[]},"isAborted":null,"name":"本日の不良名別不良数","processType":null,"report":"13457448","reportType":"SUBTOTAL","revision":null,"settings":"{\"groups\":[{\"id\":\"13457442\",\"op\":null},{\"id\":\"13457436\",\"op\":null}],\"summaries\":[{\"id\":null,\"op\":\"COUNT\"}],\"chartType\":\"bar\",\"stackType\":\"stacked\",\"sort\":[\"s0\"],\"order\":[\"DESC\"]}","tallyPeriod":null,"tallyStartDateTime":null},{"advancedMode":"false","filter":{"category":null,"offset":null,"order":[],"q":"f13457423 = THIS_YEAR()","size":null,"sort":[]},"isAborted":null,"name":"今年の不良名別不良数","processType":null,"report":"13457450","reportType":"SUBTOTAL","revision":null,"settings":"{\"groups\":[{\"id\":\"13457442\",\"op\":null},{\"id\":\"13457436\",\"op\":null}],\"summaries\":[{\"id\":null,\"op\":\"COUNT\"}],\"chartType\":\"bar\",\"stackType\":\"stacked\",\"sort\":[\"s0\"],\"order\":[\"DESC\"]}","tallyPeriod":null,"tallyStartDateTime":null},{"advancedMode":"false","filter":{"category":null,"offset":null,"order":[],"q":"f13457423 = THIS_YEAR()","size":null,"sort":[]},"isAborted":null,"name":"今年の不良名クロス集計","processType":null,"report":"13457472","reportType":"SUBTOTAL","revision":null,"settings":"{\"groups\":[{\"id\":\"13457442\",\"op\":null},{\"id\":\"13457436\",\"op\":null}],\"summaries\":[{\"id\":null,\"op\":\"COUNT\"}],\"chartType\":\"crosstable\",\"stackType\":null,\"sort\":[\"s0\"],\"order\":[\"DESC\"]}","tallyPeriod":null,"tallyStartDateTime":null},{"advancedMode":"false","filter":{"category":null,"offset":null,"order":[],"q":"f13457423 = THIS_YEAR()","size":null,"sort":[]},"isAborted":null,"name":"今年のライン別不良名クロス集計","processType":null,"report":"13457474","reportType":"SUBTOTAL","revision":null,"settings":"{\"groups\":[{\"id\":\"13457429\",\"op\":null},{\"id\":\"13457436\",\"op\":null}],\"summaries\":[{\"id\":null,\"op\":\"COUNT\"}],\"chartType\":\"crosstable\",\"stackType\":null,\"sort\":[\"s0\"],\"order\":[\"DESC\"]}","tallyPeriod":null,"tallyStartDateTime":null}],"resource":{"tables":[{"rows":[{"fields":[],"objectId":"0","subObjectId":"-1"}],"type":"AppName"},{"rows":[{"fields":[],"objectId":"0","subObjectId":"-1"}],"type":"AppDescription"},{"rows":[{"fields":[],"objectId":"13457420","subObjectId":"-1"},{"fields":[],"objectId":"13457421","subObjectId":"-1"},{"fields":[],"objectId":"13457422","subObjectId":"-1"},{"fields":[],"objectId":"13457423","subObjectId":"-1"},{"fields":[],"objectId":"13457424","subObjectId":"-1"},{"fields":[],"objectId":"13457425","subObjectId":"-1"},{"fields":[],"objectId":"13457426","subObjectId":"-1"},{"fields":[],"objectId":"13457427","subObjectId":"-1"},{"fields":[],"objectId":"13457428","subObjectId":"-1"},{"fields":[],"objectId":"13457429","subObjectId":"-1"},{"fields":[],"objectId":"13457430","subObjectId":"-1"},{"fields":[],"objectId":"13457431","subObjectId":"-1"},{"fields":[],"objectId":"13457432","subObjectId":"-1"},{"fields":[],"objectId":"13457433","subObjectId":"-1"},{"fields":[],"objectId":"13457434","subObjectId":"-1"},{"fields":[],"objectId":"13457435","subObjectId":"-1"},{"fields":[],"objectId":"13457436","subObjectId":"-1"},{"fields":[],"objectId":"13457437","subObjectId":"-1"},{"fields":[],"objectId":"13457438","subObjectId":"-1"},{"fields":[],"objectId":"13457439","subObjectId":"-1"},{"fields":[],"objectId":"13457440","subObjectId":"-1"},{"fields":[],"objectId":"13457441","subObjectId":"-1"},{"fields":[],"objectId":"13457442","subObjectId":"-1"},{"fields":[],"objectId":"13457492","subObjectId":"-1"},{"fields":[],"objectId":"13457497","subObjectId":"-1"},{"fields":[],"objectId":"13457510","subObjectId":"-1"}],"type":"FieldLabel"},{"rows":[{"fields":[],"objectId":"13457469","subObjectId":"-1"},{"fields":[],"objectId":"20","subObjectId":"-1"}],"type":"ViewName"},{"rows":[{"fields":[],"objectId":"13457446","subObjectId":"-1"},{"fields":[],"objectId":"13457452","subObjectId":"-1"},{"fields":[],"objectId":"13457448","subObjectId":"-1"},{"fields":[],"objectId":"13457450","subObjectId":"-1"},{"fields":[],"objectId":"13457472","subObjectId":"-1"},{"fields":[],"objectId":"13457474","subObjectId":"-1"}],"type":"ReportName"},{"rows":[],"type":"CategoryName"}]},"schema":{"groups":[],"revision":null,"subTable":{},"table":{"fieldList":{"13457420":{"id":"13457420","label":"レコード番号","properties":{"noLabel":"false","required":"true"},"type":"RECORD_ID","var":"レコード番号"},"13457421":{"id":"13457421","label":"更新者","properties":{"noLabel":"false","required":"true"},"type":"MODIFIER","var":"更新者"},"13457422":{"id":"13457422","label":"作成者","properties":{"noLabel":"false","required":"true"},"type":"CREATOR","var":"作成者"},"13457423":{"id":"13457423","label":"更新日時","properties":{"noLabel":"false","required":"true"},"type":"MODIFIED_AT","var":"更新日時"},"13457424":{"id":"13457424","label":"作成日時","properties":{"noLabel":"false","required":"true"},"type":"CREATED_AT","var":"作成日時"},"13457425":{"id":"13457425","label":"ステータス","properties":{"noLabel":"false","required":"false"},"type":"STATUS","var":"ステータス"},"13457426":{"id":"13457426","label":"作業者","properties":{"noLabel":"false","required":"false"},"type":"STATUS_ASSIGNEE","var":"作業者"},"13457427":{"id":"13457427","label":"カテゴリー","properties":{"noLabel":"false","required":"false"},"type":"CATEGORY","var":"カテゴリー"},"13457428":{"id":"13457428","label":"ID","properties":{"defaultValue":"","expression":"","hideExpression":"false","max":"64","min":null,"noLabel":"false","required":"false","unique":"true"},"type":"SINGLE_LINE_TEXT","var":"unique_id"},"13457429":{"id":"13457429","label":"ライン名","properties":{"defaultValue":"","expression":"","hideExpression":"false","max":null,"min":null,"noLabel":"false","required":"false","unique":"false"},"type":"SINGLE_LINE_TEXT","var":"line_name"},"13457430":{"id":"13457430","label":"Y番","properties":{"defaultValue":"","expression":"","hideExpression":"false","max":null,"min":null,"noLabel":"false","required":"false","unique":"false"},"type":"SINGLE_LINE_TEXT","var":"model_code"},"13457431":{"id":"13457431","label":"指図","properties":{"defaultValue":"","expression":"","hideExpression":"false","max":null,"min":null,"noLabel":"false","required":"false","unique":"false"},"type":"SINGLE_LINE_TEXT","var":"lot_number"},"13457432":{"id":"13457432","label":"基板番号","properties":{"defaultValue":null,"digit":"false","displayScale":null,"max":null,"min":null,"noLabel":"false","required":"false","roundingMode":null,"scale":null,"unique":"false","unit":"","unitPosition":"BEFORE"},"type":"DECIMAL","var":"current_board_index"},"13457433":{"id":"13457433","label":"不良番号","properties":{"defaultValue":null,"digit":"false","displayScale":null,"max":null,"min":null,"noLabel":"false","required":"false","roundingMode":null,"scale":null,"unique":"false","unit":"","unitPosition":"BEFORE"},"type":"DECIMAL","var":"defect_number"},"13457434":{"id":"13457434","label":"基板シリアル","properties":{"defaultValue":"","expression":"","hideExpression":"false","max":null,"min":null,"noLabel":"false","required":"false","unique":"false"},"type":"SINGLE_LINE_TEXT","var":"serial"},"13457435":{"id":"13457435","label":"リファレンス","properties":{"defaultValue":"","expression":"","hideExpression":"false","max":null,"min":null,"noLabel":"false","required":"false","unique":"false"},"type":"SINGLE_LINE_TEXT","var":"reference"},"13457436":{"id":"13457436","label":"不良名","properties":{"defaultValue":"","expression":"","hideExpression":"false","max":null,"min":null,"noLabel":"false","required":"false","unique":"false"},"type":"SINGLE_LINE_TEXT","var":"defect_name"},"13457437":{"id":"13457437","label":"X座標","properties":{"defaultValue":null,"digit":"false","displayScale":"10","max":null,"min":null,"noLabel":"false","required":"false","roundingMode":null,"scale":null,"unique":"false","unit":"","unitPosition":"BEFORE"},"type":"DECIMAL","var":"x"},"13457438":{"id":"13457438","label":"Y座標","properties":{"defaultValue":null,"digit":"false","displayScale":"10","max":null,"min":null,"noLabel":"false","required":"false","roundingMode":null,"scale":null,"unique":"false","unit":"","unitPosition":"BEFORE"},"type":"DECIMAL","var":"y"},"13457439":{"id":"13457439","label":"AOI検査員","properties":{"defaultValue":"","expression":"","hideExpression":"false","max":null,"min":null,"noLabel":"false","required":"false","unique":"false"},"type":"SINGLE_LINE_TEXT","var":"aoi_user"},"13457440":{"id":"13457440","label":"更新日時","properties":{"defaultExpression":"NOW","defaultValue":null,"noLabel":"false","required":"false","unique":"false"},"type":"DATETIME","var":"insert_datetime"},"13457441":{"id":"13457441","label":"機種ラベル","properties":{"defaultValue":"","expression":"","hideExpression":"false","max":null,"min":null,"noLabel":"false","required":"false","unique":"false"},"type":"SINGLE_LINE_TEXT","var":"model_label"},"13457442":{"id":"13457442","label":"機種詳細ラベル","properties":{"defaultValue":"","expression":"","hideExpression":"false","max":null,"min":null,"noLabel":"false","required":"false","unique":"false"},"type":"SINGLE_LINE_TEXT","var":"board_label"},"13457492":{"id":"13457492","label":"不良座標画像","properties":{"noLabel":"false","required":"false","thumbnailSize":"50"},"type":"FILE","var":"defect_image"},"13457497":{"id":"13457497","label":"基板番号ラベル","properties":{"defaultValue":"","expression":"","hideExpression":"false","max":null,"min":null,"noLabel":"false","required":"false","unique":"false"},"type":"SINGLE_LINE_TEXT","var":"board_number_label"},"13457510":{"id":"13457510","label":"部品タイプ","properties":{"defaultValue":"","expression":"","hideExpression":"false","max":null,"min":null,"noLabel":"false","required":"false","unique":"false"},"type":"SINGLE_LINE_TEXT","var":"parts_type"}},"id":"1","label":"__ROOT__","properties":null,"var":"__ROOT__"}},"settingsNotesForm":{"content":null,"willBeInherited":null},"status":{"actions":[],"filters":[],"initialStateId":null,"states":[],"useStatus":"false"},"uuid":"ee1cb46e-af42-49b0-a809-bf64692a6728","views":[{"advancedMode":"false","builtinType":null,"device":"ANY","fields":[{"row":[]}],"filter":{"category":null,"offset":null,"order":["DESC"],"q":null,"size":null,"sort":["f13457420"]},"html":"\u003Cstyle\u003E\n  .iframe-container {\n    display: flex;\n    flex-wrap: wrap; /* 2列×2段配置 */\n    justify-content: center;\n    gap: 10px;\n  }\n\n  .iframe-container iframe {\n    flex: 1 1 48%; /* 横に2つ並べる */\n    min-width: 400px; /* 小さすぎないように */\n    aspect-ratio: 16 / 9; /* 高さを自動調整 */\n    width: 100%;\n    height: auto;\n    border: 1px solid #ccc;\n    border-radius: 8px;\n  }\n\n  /* スマホ・タブレット対応 */\n  @media (max-width: 800px) {\n    .iframe-container iframe {\n      flex: 1 1 100%; /* 1列表示に変更 */\n      min-width: unset; /* 最小幅制限を解除 */\n    aspect-ratio: 3 / 2; /* 高さを自動調整 */\n    }\n  }\n\u003C/style\u003E\n\n\u003Cdiv class=\"iframe-container\"\u003E\n  \u003Ciframe src=\"https://d5wpzdj4iuwp.cybozu.com/k/15/report/portlet?report=13457472&amp;chartType=crosstable&amp;title=1\"\u003E\u003C/iframe\u003E\n  \u003Ciframe src=\"https://d5wpzdj4iuwp.cybozu.com/k/15/report/portlet?report=13457474&amp;chartType=crosstable&amp;title=1\"\u003E\u003C/iframe\u003E\n  \u003Ciframe src=\"https://d5wpzdj4iuwp.cybozu.com/k/15/report/portlet?report=13457450&amp;chartType=bar&amp;stackType=stacked&amp;title=1\"\u003E\u003C/iframe\u003E\n  \u003Ciframe src=\"https://d5wpzdj4iuwp.cybozu.com/k/15/report/portlet?report=13457452&amp;chartType=bar&amp;stackType=stacked&amp;title=1\"\u003E\u003C/iframe\u003E\n\u003C/div\u003E","keyFieldId":null,"name":"今年の不良詳細分析","pager":"false","revision":null,"titleFieldId":null,"view":"13457469","viewType":"CUSTOM"},{"advancedMode":null,"builtinType":"ALL","device":null,"fields":[{"row":[{"columnWidth":null,"id":"13457420"},{"columnWidth":null,"id":"13457428"},{"columnWidth":null,"id":"13457429"},{"columnWidth":null,"id":"13457430"},{"columnWidth":null,"id":"13457431"},{"columnWidth":null,"id":"13457432"},{"columnWidth":null,"id":"13457433"},{"columnWidth":null,"id":"13457434"},{"columnWidth":null,"id":"13457435"},{"columnWidth":null,"id":"13457436"},{"columnWidth":null,"id":"13457437"},{"columnWidth":null,"id":"13457438"},{"columnWidth":null,"id":"13457439"},{"columnWidth":null,"id":"13457440"},{"columnWidth":null,"id":"13457441"},{"columnWidth":null,"id":"13457442"},{"columnWidth":null,"id":"13457492"},{"columnWidth":null,"id":"13457497"},{"columnWidth":null,"id":"13457510"}]}],"filter":{"category":null,"offset":null,"order":[],"q":null,"size":null,"sort":[]},"html":null,"keyFieldId":null,"name":"（すべて）","pager":null,"revision":null,"titleFieldId":null,"view":"20","viewType":"LIST"}]}],"description":"","iconKey":"APP39","iconMeta":null,"iconSrcAppId":"026b5208-9de0-414e-abaf-bbf79c2f8096","iconType":"PRESET","imagesMeta":[],"lookups":[{"actingAppId":"026b5208-9de0-414e-abaf-bbf79c2f8096","fieldMappings":[{"fieldId":"13457536","targetFieldId":"13457534"}],"keyMapping":{"fieldId":"13457537","targetFieldId":"13457533"},"listFields":["13457534"],"query":{"category":null,"offset":null,"order":["desc"],"q":"order by f13457525 desc","size":null,"sort":["f13457525"]},"targetAppId":"fc2f96ef-e24e-46af-aa54-bf492058608d"}],"name":"AOI修理情報入力(SMT)","references":[{"actingAppId":"026b5208-9de0-414e-abaf-bbf79c2f8096","filterInputFieldId":"13457484","filterMasterFieldId":"13457431","masterFieldIds":["13457432","13457433","13457435","13457436","13457492","13457510"],"query":{"category":null,"offset":null,"order":["asc","asc"],"q":"order by f13457432 asc, f13457433 asc","size":null,"sort":["f13457432","f13457433"]},"size":"50","targetAppId":"ee1cb46e-af42-49b0-a809-bf64692a6728","vtComponentLocalId":"13457485"}],"version":"44"}