{"actions":[],"apps":[{"acl":{"app":[],"field":[],"record":[]},"app":null,"category":{"categories":[],"useCategory":"false"},"form":{"layout":"[{\"id\":null,\"type\":\"ROW\",\"isSubTable\":false,\"var\":null,\"label\":null,\"controlList\":[{\"isVirtical\":true,\"styleMap\":{\"width\":193},\"type\":\"DECIMAL\",\"var\":\"year\",\"label\":\"年\"},{\"isVirtical\":true,\"styleMap\":{\"width\":196},\"type\":\"SINGLE_SELECT\",\"var\":\"month\",\"label\":\"月\"},{\"isVirtical\":true,\"styleMap\":{\"width\":193},\"type\":\"SINGLE_LINE_TEXT\",\"var\":\"year_month\",\"label\":\"年月\"}]},{\"id\":null,\"type\":\"ROW\",\"isSubTable\":false,\"var\":null,\"label\":null,\"controlList\":[{\"isVirtical\":true,\"styleMap\":{\"width\":193},\"type\":\"DECIMAL\",\"var\":\"inside_unit\",\"label\":\"社員単価\"},{\"isVirtical\":true,\"styleMap\":{\"width\":193},\"type\":\"DECIMAL\",\"var\":\"outside_unit\",\"label\":\"派遣社員単価\"}]},{\"id\":null,\"type\":\"ROW\",\"isSubTable\":false,\"var\":null,\"label\":null,\"controlList\":[{\"isVirtical\":true,\"styleMap\":{\"width\":193},\"type\":\"DECIMAL\",\"var\":\"direct\",\"label\":\"直行人員\"},{\"isVirtical\":true,\"styleMap\":{\"width\":193},\"type\":\"DECIMAL\",\"var\":\"dispatch\",\"label\":\"派遣人員\"},{\"isVirtical\":true,\"styleMap\":{\"width\":193},\"type\":\"DECIMAL\",\"var\":\"indirect\",\"label\":\"間接人員\"}]},{\"id\":null,\"type\":\"ROW\",\"isSubTable\":false,\"var\":null,\"label\":null,\"controlList\":[{\"isVirtical\":true,\"styleMap\":{\"width\":193},\"type\":\"DECIMAL\",\"var\":\"direct_number\",\"label\":\"直行人員数\"},{\"isVirtical\":true,\"styleMap\":{\"width\":193},\"type\":\"DECIMAL\",\"var\":\"dispatch_number\",\"label\":\"派遣人員数\"},{\"isVirtical\":true,\"styleMap\":{\"width\":193},\"type\":\"DECIMAL\",\"var\":\"indirect_number\",\"label\":\"間接人員数\"}]}]","revision":null},"iconMeta":null,"info":{"automaticallyChooseTitleComponent":"true","code":null,"decimalPrecision":"16","decimalScale":"4","description":"","enableBulkDeletion":"false","enableRecordReuse":"true","fiscalYearStartMonth":"4","iconKey":"APP39","iconType":"PRESET","jsFiles":null,"jsScope":"ALL","name":"PL月次更新データ(BOX)","roundingMode":"HALF_EVEN","theme":"PLAIN","titleComponentLocalId":null,"useComment":"true","useHistory":"true","useInlineEditAndDelete":"true","useThumbnail":"true"},"jsFiles":[],"notification":{"appNotifications":[{"events":["RECORD_COMMENT_ADDED"],"target":{"entityId":"13458100","entityType":"FIELD_ENTITY","includeSubs":"false"}},{"events":["RECORD_COMMENT_ADDED"],"target":{"entityId":"13458101","entityType":"FIELD_ENTITY","includeSubs":"false"}}],"recordNotifications":[],"reminderTimezone":null,"reminders":[],"useComment":"true","useReminder":"false"},"plugins":[],"reports":[],"resource":{"tables":[{"rows":[{"fields":[],"objectId":"0","subObjectId":"-1"}],"type":"AppName"},{"rows":[{"fields":[],"objectId":"0","subObjectId":"-1"}],"type":"AppDescription"},{"rows":[{"fields":[],"objectId":"13458099","subObjectId":"-1"},{"fields":[],"objectId":"13458100","subObjectId":"-1"},{"fields":[],"objectId":"13458101","subObjectId":"-1"},{"fields":[],"objectId":"13458102","subObjectId":"-1"},{"fields":[],"objectId":"13458103","subObjectId":"-1"},{"fields":[],"objectId":"13458104","subObjectId":"-1"},{"fields":[],"objectId":"13458105","subObjectId":"-1"},{"fields":[],"objectId":"13458106","subObjectId":"-1"},{"fields":[],"objectId":"13458121","subObjectId":"-1"},{"fields":[],"objectId":"13458122","subObjectId":"-1"},{"fields":[],"objectId":"13458122","subObjectId":"13458109"},{"fields":[],"objectId":"13458122","subObjectId":"13458110"},{"fields":[],"objectId":"13458122","subObjectId":"13458111"},{"fields":[],"objectId":"13458122","subObjectId":"13458112"},{"fields":[],"objectId":"13458122","subObjectId":"13458113"},{"fields":[],"objectId":"13458122","subObjectId":"13458114"},{"fields":[],"objectId":"13458122","subObjectId":"13458115"},{"fields":[],"objectId":"13458122","subObjectId":"13458116"},{"fields":[],"objectId":"13458122","subObjectId":"13458117"},{"fields":[],"objectId":"13458122","subObjectId":"13458118"},{"fields":[],"objectId":"13458122","subObjectId":"13458119"},{"fields":[],"objectId":"13458122","subObjectId":"13458120"},{"fields":[],"objectId":"13458125","subObjectId":"-1"},{"fields":[],"objectId":"13458126","subObjectId":"-1"},{"fields":[],"objectId":"13458127","subObjectId":"-1"},{"fields":[],"objectId":"13458129","subObjectId":"-1"},{"fields":[],"objectId":"13458148","subObjectId":"-1"},{"fields":[],"objectId":"13458149","subObjectId":"-1"},{"fields":[],"objectId":"13458196","subObjectId":"-1"},{"fields":[],"objectId":"13458197","subObjectId":"-1"},{"fields":[],"objectId":"13458198","subObjectId":"-1"}],"type":"FieldLabel"},{"rows":[{"fields":[],"objectId":"20","subObjectId":"-1"}],"type":"ViewName"},{"rows":[],"type":"CategoryName"}]},"schema":{"groups":[],"revision":null,"subTable":{},"table":{"fieldList":{"13458099":{"id":"13458099","label":"レコード番号","properties":{"noLabel":"false","required":"true"},"type":"RECORD_ID","var":"レコード番号"},"13458100":{"id":"13458100","label":"更新者","properties":{"noLabel":"false","required":"true"},"type":"MODIFIER","var":"更新者"},"13458101":{"id":"13458101","label":"作成者","properties":{"noLabel":"false","required":"true"},"type":"CREATOR","var":"作成者"},"13458102":{"id":"13458102","label":"更新日時","properties":{"noLabel":"false","required":"true"},"type":"MODIFIED_AT","var":"更新日時"},"13458103":{"id":"13458103","label":"作成日時","properties":{"noLabel":"false","required":"true"},"type":"CREATED_AT","var":"作成日時"},"13458104":{"id":"13458104","label":"ステータス","properties":{"noLabel":"false","required":"false"},"type":"STATUS","var":"ステータス"},"13458105":{"id":"13458105","label":"作業者","properties":{"noLabel":"false","required":"false"},"type":"STATUS_ASSIGNEE","var":"作業者"},"13458106":{"id":"13458106","label":"カテゴリー","properties":{"noLabel":"false","required":"false"},"type":"CATEGORY","var":"カテゴリー"},"13458121":{"id":"13458121","label":"年","properties":{"defaultValue":null,"digit":"false","displayScale":null,"max":null,"min":null,"noLabel":"false","required":"true","roundingMode":null,"scale":null,"unique":"false","unit":"年","unitPosition":"AFTER"},"type":"DECIMAL","var":"year"},"13458122":{"id":"13458122","label":"月","properties":{"defaultValue":null,"noLabel":"false","options":[{"id":"13458109","label":"1","valid":true},{"id":"13458110","label":"2","valid":true},{"id":"13458111","label":"3","valid":true},{"id":"13458112","label":"4","valid":true},{"id":"13458113","label":"5","valid":true},{"id":"13458114","label":"6","valid":true},{"id":"13458115","label":"7","valid":true},{"id":"13458116","label":"8","valid":true},{"id":"13458117","label":"9","valid":true},{"id":"13458118","label":"10","valid":true},{"id":"13458119","label":"11","valid":true},{"id":"13458120","label":"12","valid":true}],"required":"true"},"type":"SINGLE_SELECT","var":"month"},"13458125":{"id":"13458125","label":"直行人員","properties":{"defaultValue":null,"digit":"true","displayScale":null,"max":null,"min":null,"noLabel":"false","required":"true","roundingMode":null,"scale":null,"unique":"false","unit":"","unitPosition":"BEFORE"},"type":"DECIMAL","var":"direct"},"13458126":{"id":"13458126","label":"派遣人員","properties":{"defaultValue":null,"digit":"true","displayScale":null,"max":null,"min":null,"noLabel":"false","required":"true","roundingMode":null,"scale":null,"unique":"false","unit":"","unitPosition":"BEFORE"},"type":"DECIMAL","var":"dispatch"},"13458127":{"id":"13458127","label":"間接人員","properties":{"defaultValue":null,"digit":"true","displayScale":null,"max":null,"min":null,"noLabel":"false","required":"true","roundingMode":null,"scale":null,"unique":"false","unit":"","unitPosition":"BEFORE"},"type":"DECIMAL","var":"indirect"},"13458129":{"id":"13458129","label":"年月","properties":{"defaultValue":"","expression":"year & \"_\" & month","hideExpression":"true","max":null,"min":null,"noLabel":"false","required":"false","unique":"false"},"type":"SINGLE_LINE_TEXT","var":"year_month"},"13458148":{"id":"13458148","label":"社員単価","properties":{"defaultValue":null,"digit":"true","displayScale":null,"max":null,"min":null,"noLabel":"false","required":"true","roundingMode":null,"scale":null,"unique":"false","unit":"","unitPosition":"BEFORE"},"type":"DECIMAL","var":"inside_unit"},"13458149":{"id":"13458149","label":"派遣社員単価","properties":{"defaultValue":null,"digit":"true","displayScale":null,"max":null,"min":null,"noLabel":"false","required":"true","roundingMode":null,"scale":null,"unique":"false","unit":"","unitPosition":"BEFORE"},"type":"DECIMAL","var":"outside_unit"},"13458196":{"id":"13458196","label":"直行人員数","properties":{"defaultValue":null,"digit":"false","displayScale":null,"max":null,"min":null,"noLabel":"false","required":"true","roundingMode":null,"scale":null,"unique":"false","unit":"人","unitPosition":"AFTER"},"type":"DECIMAL","var":"direct_number"},"13458197":{"id":"13458197","label":"派遣人員数","properties":{"defaultValue":null,"digit":"false","displayScale":null,"max":null,"min":null,"noLabel":"false","required":"true","roundingMode":null,"scale":null,"unique":"false","unit":"人","unitPosition":"AFTER"},"type":"DECIMAL","var":"dispatch_number"},"13458198":{"id":"13458198","label":"間接人員数","properties":{"defaultValue":null,"digit":"false","displayScale":null,"max":null,"min":null,"noLabel":"false","required":"true","roundingMode":null,"scale":null,"unique":"false","unit":"人","unitPosition":"AFTER"},"type":"DECIMAL","var":"indirect_number"}},"id":"1","label":"__ROOT__","properties":null,"var":"__ROOT__"}},"settingsNotesForm":{"content":null,"willBeInherited":null},"status":{"actions":[],"filters":[],"initialStateId":null,"states":[],"useStatus":"false"},"uuid":"0649f9bd-059a-417c-9747-d6f474e2f6d9","views":[{"advancedMode":null,"builtinType":"ALL","device":null,"fields":[{"row":[{"columnWidth":null,"id":"13458099"},{"columnWidth":null,"id":"13458121"},{"columnWidth":null,"id":"13458122"},{"columnWidth":null,"id":"13458125"},{"columnWidth":null,"id":"13458126"},{"columnWidth":null,"id":"13458127"},{"columnWidth":null,"id":"13458129"},{"columnWidth":null,"id":"13458148"},{"columnWidth":null,"id":"13458149"},{"columnWidth":null,"id":"13458196"},{"columnWidth":null,"id":"13458197"},{"columnWidth":null,"id":"13458198"}]}],"filter":{"category":null,"offset":null,"order":[],"q":null,"size":null,"sort":[]},"html":null,"keyFieldId":null,"name":"（すべて）","pager":null,"revision":null,"titleFieldId":null,"view":"20","viewType":"LIST"}]}],"description":"","iconKey":"APP39","iconMeta":null,"iconSrcAppId":"0649f9bd-059a-417c-9747-d6f474e2f6d9","iconType":"PRESET","imagesMeta":[],"lookups":[],"name":"PL月次更新データ(BOX)","references":[],"version":"44"}