{"actions":[],"apps":[{"acl":{"app":[],"field":[],"record":[]},"app":null,"category":{"categories":[],"useCategory":"false"},"form":{"layout":"[{\"controlList\":[{\"isVirtical\":true,\"type\":\"SINGLE_LINE_TEXT\",\"styleMap\":{\"width\":193},\"label\":\"コード\",\"var\":\"文字列__1行_\"}],\"id\":null,\"isSubTable\":false,\"type\":\"ROW\",\"var\":null},{\"controlList\":[{\"isVirtical\":true,\"type\":\"SINGLE_LINE_TEXT\",\"styleMap\":{\"width\":193},\"label\":\"取引先名\",\"var\":\"文字列__1行__0\"}],\"id\":null,\"isSubTable\":false,\"type\":\"ROW\",\"var\":null},{\"controlList\":[{\"isVirtical\":true,\"type\":\"SINGLE_LINE_TEXT\",\"styleMap\":{\"width\":193},\"label\":\"ＭＯＤＥＬ\",\"var\":\"文字列__1行__1\"}],\"id\":null,\"isSubTable\":false,\"type\":\"ROW\",\"var\":null},{\"controlList\":[{\"isVirtical\":true,\"type\":\"SINGLE_LINE_TEXT\",\"styleMap\":{\"width\":193},\"label\":\"ＢＫＣ\",\"var\":\"文字列__1行__2\"}],\"id\":null,\"isSubTable\":false,\"type\":\"ROW\",\"var\":null},{\"controlList\":[{\"isVirtical\":true,\"type\":\"SINGLE_LINE_TEXT\",\"styleMap\":{\"width\":193},\"label\":\"シリーズ\",\"var\":\"文字列__1行__3\"}],\"id\":null,\"isSubTable\":false,\"type\":\"ROW\",\"var\":null},{\"controlList\":[{\"isVirtical\":true,\"type\":\"DECIMAL\",\"styleMap\":{\"width\":193},\"label\":\"材料費\",\"var\":\"数値\"}],\"id\":null,\"isSubTable\":false,\"type\":\"ROW\",\"var\":null},{\"controlList\":[{\"isVirtical\":true,\"type\":\"DECIMAL\",\"styleMap\":{\"width\":193},\"label\":\"歩留\",\"var\":\"数値_0\"}],\"id\":null,\"isSubTable\":false,\"type\":\"ROW\",\"var\":null},{\"controlList\":[{\"isVirtical\":true,\"type\":\"DECIMAL\",\"styleMap\":{\"width\":193},\"label\":\"ASSY\",\"var\":\"数値_1\"}],\"id\":null,\"isSubTable\":false,\"type\":\"ROW\",\"var\":null},{\"controlList\":[{\"isVirtical\":true,\"type\":\"DECIMAL\",\"styleMap\":{\"width\":193},\"label\":\"SMT\",\"var\":\"数値_2\"}],\"id\":null,\"isSubTable\":false,\"type\":\"ROW\",\"var\":null}]","revision":null},"iconMeta":null,"info":{"automaticallyChooseTitleComponent":"true","code":null,"decimalPrecision":"16","decimalScale":"4","description":"\u003Cdiv\u003E\u003Cbr /\u003E\u003C/div\u003E","enableBulkDeletion":"false","enableRecordReuse":"true","fiscalYearStartMonth":"4","iconKey":"APP39","iconType":"PRESET","jsFiles":null,"jsScope":"ALL","name":"マスター","roundingMode":"HALF_EVEN","theme":"PLAIN","titleComponentLocalId":null,"useComment":"true","useHistory":"true","useInlineEditAndDelete":"true","useThumbnail":"true"},"jsFiles":[],"notification":{"appNotifications":[{"events":["RECORD_COMMENT_ADDED"],"target":{"entityId":"13457326","entityType":"FIELD_ENTITY","includeSubs":"false"}},{"events":["RECORD_COMMENT_ADDED"],"target":{"entityId":"13457327","entityType":"FIELD_ENTITY","includeSubs":"false"}}],"recordNotifications":[],"reminderTimezone":null,"reminders":[],"useComment":"true","useReminder":"false"},"plugins":[],"reports":[],"resource":{"tables":[{"rows":[{"fields":[],"objectId":"0","subObjectId":"-1"}],"type":"AppName"},{"rows":[{"fields":[],"objectId":"0","subObjectId":"-1"}],"type":"AppDescription"},{"rows":[{"fields":[],"objectId":"13457325","subObjectId":"-1"},{"fields":[],"objectId":"13457326","subObjectId":"-1"},{"fields":[],"objectId":"13457327","subObjectId":"-1"},{"fields":[],"objectId":"13457328","subObjectId":"-1"},{"fields":[],"objectId":"13457329","subObjectId":"-1"},{"fields":[],"objectId":"13457330","subObjectId":"-1"},{"fields":[],"objectId":"13457331","subObjectId":"-1"},{"fields":[],"objectId":"13457332","subObjectId":"-1"},{"fields":[],"objectId":"13457333","subObjectId":"-1"},{"fields":[],"objectId":"13457334","subObjectId":"-1"},{"fields":[],"objectId":"13457335","subObjectId":"-1"},{"fields":[],"objectId":"13457336","subObjectId":"-1"},{"fields":[],"objectId":"13457337","subObjectId":"-1"},{"fields":[],"objectId":"13457338","subObjectId":"-1"},{"fields":[],"objectId":"13457339","subObjectId":"-1"},{"fields":[],"objectId":"13457340","subObjectId":"-1"},{"fields":[],"objectId":"13457341","subObjectId":"-1"}],"type":"FieldLabel"},{"rows":[{"fields":[],"objectId":"20","subObjectId":"-1"}],"type":"ViewName"},{"rows":[],"type":"CategoryName"}]},"schema":{"groups":[],"revision":null,"subTable":{},"table":{"fieldList":{"13457325":{"id":"13457325","label":"レコード番号","properties":{"noLabel":"false","required":"true"},"type":"RECORD_ID","var":"レコード番号"},"13457326":{"id":"13457326","label":"更新者","properties":{"noLabel":"false","required":"true"},"type":"MODIFIER","var":"更新者"},"13457327":{"id":"13457327","label":"作成者","properties":{"noLabel":"false","required":"true"},"type":"CREATOR","var":"作成者"},"13457328":{"id":"13457328","label":"更新日時","properties":{"noLabel":"false","required":"true"},"type":"MODIFIED_AT","var":"更新日時"},"13457329":{"id":"13457329","label":"作成日時","properties":{"noLabel":"false","required":"true"},"type":"CREATED_AT","var":"作成日時"},"13457330":{"id":"13457330","label":"ステータス","properties":{"noLabel":"false","required":"false"},"type":"STATUS","var":"ステータス"},"13457331":{"id":"13457331","label":"作業者","properties":{"noLabel":"false","required":"false"},"type":"STATUS_ASSIGNEE","var":"作業者"},"13457332":{"id":"13457332","label":"カテゴリー","properties":{"noLabel":"false","required":"false"},"type":"CATEGORY","var":"カテゴリー"},"13457333":{"id":"13457333","label":"コード","properties":{"defaultValue":"","expression":"","hideExpression":"false","max":null,"min":null,"noLabel":"false","required":"false","unique":"false"},"type":"SINGLE_LINE_TEXT","var":"文字列__1行_"},"13457334":{"id":"13457334","label":"取引先名","properties":{"defaultValue":"","expression":"","hideExpression":"false","max":null,"min":null,"noLabel":"false","required":"false","unique":"false"},"type":"SINGLE_LINE_TEXT","var":"文字列__1行__0"},"13457335":{"id":"13457335","label":"ＭＯＤＥＬ","properties":{"defaultValue":"","expression":"","hideExpression":"false","max":null,"min":null,"noLabel":"false","required":"false","unique":"false"},"type":"SINGLE_LINE_TEXT","var":"文字列__1行__1"},"13457336":{"id":"13457336","label":"ＢＫＣ","properties":{"defaultValue":"","expression":"","hideExpression":"false","max":null,"min":null,"noLabel":"false","required":"false","unique":"false"},"type":"SINGLE_LINE_TEXT","var":"文字列__1行__2"},"13457337":{"id":"13457337","label":"シリーズ","properties":{"defaultValue":"","expression":"","hideExpression":"false","max":null,"min":null,"noLabel":"false","required":"false","unique":"false"},"type":"SINGLE_LINE_TEXT","var":"文字列__1行__3"},"13457338":{"id":"13457338","label":"材料費","properties":{"defaultValue":null,"digit":"false","displayScale":null,"max":null,"min":null,"noLabel":"false","required":"false","roundingMode":null,"scale":null,"unique":"false","unit":null,"unitPosition":"BEFORE"},"type":"DECIMAL","var":"数値"},"13457339":{"id":"13457339","label":"歩留","properties":{"defaultValue":null,"digit":"false","displayScale":null,"max":null,"min":null,"noLabel":"false","required":"false","roundingMode":null,"scale":null,"unique":"false","unit":null,"unitPosition":"BEFORE"},"type":"DECIMAL","var":"数値_0"},"13457340":{"id":"13457340","label":"ASSY","properties":{"defaultValue":null,"digit":"false","displayScale":null,"max":null,"min":null,"noLabel":"false","required":"false","roundingMode":null,"scale":null,"unique":"false","unit":null,"unitPosition":"BEFORE"},"type":"DECIMAL","var":"数値_1"},"13457341":{"id":"13457341","label":"SMT","properties":{"defaultValue":null,"digit":"false","displayScale":null,"max":null,"min":null,"noLabel":"false","required":"false","roundingMode":null,"scale":null,"unique":"false","unit":null,"unitPosition":"BEFORE"},"type":"DECIMAL","var":"数値_2"}},"id":"1","label":"__ROOT__","properties":null,"var":"__ROOT__"}},"settingsNotesForm":{"content":null,"willBeInherited":null},"status":{"actions":[],"filters":[],"initialStateId":null,"states":[],"useStatus":"false"},"uuid":"bb9062a2-2385-4f31-911a-705517929366","views":[{"advancedMode":null,"builtinType":"ALL","device":null,"fields":[{"row":[{"columnWidth":null,"id":"13457325"},{"columnWidth":null,"id":"13457333"},{"columnWidth":null,"id":"13457334"},{"columnWidth":null,"id":"13457335"},{"columnWidth":null,"id":"13457336"},{"columnWidth":null,"id":"13457337"},{"columnWidth":null,"id":"13457338"},{"columnWidth":null,"id":"13457339"},{"columnWidth":null,"id":"13457340"},{"columnWidth":null,"id":"13457341"}]}],"filter":{"category":null,"offset":null,"order":[],"q":null,"size":null,"sort":[]},"html":null,"keyFieldId":null,"name":"（すべて）","pager":null,"revision":null,"titleFieldId":null,"view":"20","viewType":"LIST"}]},{"acl":{"app":[],"field":[],"record":[]},"app":null,"category":{"categories":[],"useCategory":"false"},"form":{"layout":"[{\"id\":null,\"type\":\"ROW\",\"isSubTable\":false,\"var\":null,\"label\":null,\"controlList\":[{\"isVirtical\":true,\"styleMap\":{\"width\":246},\"type\":\"SINGLE_LINE_TEXT\",\"var\":\"ルックアップ\",\"label\":\"MODEL\"},{\"isVirtical\":true,\"type\":\"SINGLE_LINE_TEXT\",\"styleMap\":{\"width\":193},\"label\":\"ＢＫＣ\",\"var\":\"文字列__1行__2\"},{\"isVirtical\":true,\"styleMap\":{\"width\":193},\"type\":\"CALC\",\"var\":\"計算\",\"label\":\"合計台数\"},{\"isVirtical\":true,\"styleMap\":{\"width\":193},\"type\":\"CALC\",\"var\":\"計算_4\",\"label\":\"付加価値計\"}]},{\"id\":null,\"type\":\"ROW\",\"isSubTable\":false,\"var\":null,\"label\":null,\"controlList\":[{\"isVirtical\":true,\"type\":\"SINGLE_LINE_TEXT\",\"styleMap\":{\"width\":193},\"label\":\"取引先名\",\"var\":\"文字列__1行__0\"},{\"isVirtical\":true,\"type\":\"SINGLE_LINE_TEXT\",\"styleMap\":{\"width\":193},\"label\":\"シリーズ\",\"var\":\"文字列__1行__3\"},{\"isVirtical\":true,\"styleMap\":{\"width\":193},\"type\":\"SINGLE_LINE_TEXT\",\"var\":\"文字列__1行_\",\"label\":\"コード\"}]},{\"id\":null,\"type\":\"ROW\",\"isSubTable\":false,\"var\":null,\"label\":null,\"controlList\":[{\"isVirtical\":true,\"styleMap\":{\"width\":193},\"type\":\"DECIMAL\",\"var\":\"数値\",\"label\":\"SMT加工費\"},{\"isVirtical\":true,\"styleMap\":{\"width\":193},\"type\":\"DECIMAL\",\"var\":\"数値_0\",\"label\":\"ASSY加工費\"},{\"isVirtical\":true,\"styleMap\":{\"width\":193},\"type\":\"CALC\",\"var\":\"計算_2\",\"label\":\"SMT付加価値計\"},{\"isVirtical\":true,\"styleMap\":{\"width\":193},\"type\":\"CALC\",\"var\":\"計算_3\",\"label\":\"ASSY付加価値計\"}]},{\"id\":\"13455981\",\"type\":\"SUBTABLE\",\"isSubTable\":true,\"var\":\"テーブル\",\"label\":\"テーブル\",\"controlList\":[{\"isVirtical\":true,\"styleMap\":{\"width\":117},\"type\":\"DATE\",\"var\":\"日付\",\"label\":\"日付\"},{\"isVirtical\":true,\"styleMap\":{\"width\":193},\"type\":\"DECIMAL\",\"var\":\"台数\",\"label\":\"台数\"},{\"isVirtical\":true,\"styleMap\":{\"width\":193},\"type\":\"CALC\",\"var\":\"計算_0\",\"label\":\"SMT付加価値\"},{\"isVirtical\":true,\"styleMap\":{\"width\":193},\"type\":\"CALC\",\"var\":\"計算_1\",\"label\":\"ASSY付加価値\"},{\"isVirtical\":true,\"styleMap\":{\"width\":193},\"type\":\"CALC\",\"var\":\"計算_5\",\"label\":\"付加価値\"},{\"isVirtical\":true,\"styleMap\":{\"width\":117},\"type\":\"DATE\",\"var\":\"日付_1\",\"label\":\"入力日\"},{\"isVirtical\":true,\"styleMap\":{\"width\":471},\"type\":\"SINGLE_LINE_TEXT\",\"var\":\"文字列__1行__1\",\"label\":\"備考\"}]}]","revision":null},"iconMeta":null,"info":{"automaticallyChooseTitleComponent":"true","code":null,"decimalPrecision":"16","decimalScale":"4","description":"\u003Cdiv\u003E\u003Cbr /\u003E\u003C/div\u003E","enableBulkDeletion":"true","enableRecordReuse":"true","fiscalYearStartMonth":"7","iconKey":"APP39","iconType":"PRESET","jsFiles":null,"jsScope":"ALL","name":"計画シート ver2","roundingMode":"HALF_EVEN","theme":"PLAIN","titleComponentLocalId":null,"useComment":"true","useHistory":"true","useInlineEditAndDelete":"true","useThumbnail":"true"},"jsFiles":[],"notification":{"appNotifications":[{"events":["RECORD_COMMENT_ADDED"],"target":{"entityId":"13455790","entityType":"FIELD_ENTITY","includeSubs":"false"}},{"events":["RECORD_COMMENT_ADDED"],"target":{"entityId":"13455791","entityType":"FIELD_ENTITY","includeSubs":"false"}}],"recordNotifications":[],"reminderTimezone":null,"reminders":[],"useComment":"true","useReminder":"false"},"plugins":[],"reports":[{"advancedMode":"false","filter":{"category":null,"offset":null,"order":[],"q":null,"size":null,"sort":[]},"isAborted":null,"name":"台数推移","processType":null,"report":"13457396","reportType":"SUBTOTAL","revision":null,"settings":"{\"groups\":[{\"id\":\"13455945\",\"op\":\"YEAR_MONTH\"}],\"summaries\":[{\"op\":\"SUM\",\"id\":\"13455946\"}],\"chartType\":\"column\",\"stackType\":\"clustered\",\"sort\":[\"g0\"],\"order\":[\"ASC\"]}","tallyPeriod":null,"tallyStartDateTime":null},{"advancedMode":"false","filter":{"category":null,"offset":null,"order":[],"q":null,"size":null,"sort":[]},"isAborted":null,"name":"付加価値推移","processType":null,"report":"13457398","reportType":"SUBTOTAL","revision":null,"settings":"{\"groups\":[{\"id\":\"13455945\",\"op\":\"YEAR_MONTH\"}],\"summaries\":[{\"op\":\"SUM\",\"id\":\"13457384\"}],\"chartType\":\"column\",\"stackType\":\"clustered\",\"sort\":[\"g0\"],\"order\":[\"ASC\"]}","tallyPeriod":null,"tallyStartDateTime":null},{"advancedMode":"false","filter":{"category":null,"offset":null,"order":[],"q":null,"size":null,"sort":[]},"isAborted":null,"name":"付加価値_クロス集計表","processType":null,"report":"13457400","reportType":"SUBTOTAL","revision":null,"settings":"{\"groups\":[{\"id\":\"13455945\",\"op\":\"YEAR_MONTH\"},{\"id\":\"13455798\",\"op\":null}],\"summaries\":[{\"op\":\"SUM\",\"id\":\"13457384\"}],\"chartType\":\"crosstable\",\"sort\":[\"g0\"],\"order\":[\"ASC\"]}","tallyPeriod":null,"tallyStartDateTime":null},{"advancedMode":"false","filter":{"category":null,"offset":null,"order":[],"q":null,"size":null,"sort":[]},"isAborted":null,"name":"台数変更","processType":null,"report":"13457403","reportType":"SUBTOTAL","revision":null,"settings":"{\"groups\":[{\"id\":\"13457401\",\"op\":\"YEAR_MONTH\"},{\"id\":\"13455798\",\"op\":null},{\"id\":\"13455945\",\"op\":null}],\"summaries\":[{\"op\":\"SUM\",\"id\":\"13455946\"}],\"chartType\":\"crosstable\",\"sort\":[\"g0\",\"g1\"],\"order\":[\"ASC\",\"DESC\"]}","tallyPeriod":null,"tallyStartDateTime":null}],"resource":{"tables":[{"rows":[{"fields":[],"objectId":"0","subObjectId":"-1"}],"type":"AppName"},{"rows":[{"fields":[],"objectId":"0","subObjectId":"-1"}],"type":"AppDescription"},{"rows":[{"fields":[],"objectId":"13455789","subObjectId":"-1"},{"fields":[],"objectId":"13455790","subObjectId":"-1"},{"fields":[],"objectId":"13455791","subObjectId":"-1"},{"fields":[],"objectId":"13455792","subObjectId":"-1"},{"fields":[],"objectId":"13455793","subObjectId":"-1"},{"fields":[],"objectId":"13455794","subObjectId":"-1"},{"fields":[],"objectId":"13455795","subObjectId":"-1"},{"fields":[],"objectId":"13455796","subObjectId":"-1"},{"fields":[],"objectId":"13455798","subObjectId":"-1"},{"fields":[],"objectId":"13455800","subObjectId":"-1"},{"fields":[],"objectId":"13455801","subObjectId":"-1"},{"fields":[],"objectId":"13455904","subObjectId":"-1"},{"fields":[],"objectId":"13455981","subObjectId":"-1"},{"fields":[],"objectId":"13455945","subObjectId":"-1"},{"fields":[],"objectId":"13455946","subObjectId":"-1"},{"fields":[],"objectId":"13457375","subObjectId":"-1"},{"fields":[],"objectId":"13457376","subObjectId":"-1"},{"fields":[],"objectId":"13457382","subObjectId":"-1"},{"fields":[],"objectId":"13457384","subObjectId":"-1"},{"fields":[],"objectId":"13457401","subObjectId":"-1"},{"fields":[],"objectId":"13457321","subObjectId":"-1"},{"fields":[],"objectId":"13457368","subObjectId":"-1"},{"fields":[],"objectId":"13457369","subObjectId":"-1"},{"fields":[],"objectId":"13457371","subObjectId":"-1"},{"fields":[],"objectId":"13457377","subObjectId":"-1"},{"fields":[],"objectId":"13457378","subObjectId":"-1"},{"fields":[],"objectId":"13457379","subObjectId":"-1"}],"type":"FieldLabel"},{"rows":[{"fields":[],"objectId":"13457380","subObjectId":"-1"},{"fields":[],"objectId":"20","subObjectId":"-1"}],"type":"ViewName"},{"rows":[{"fields":[],"objectId":"13457396","subObjectId":"-1"},{"fields":[],"objectId":"13457398","subObjectId":"-1"},{"fields":[],"objectId":"13457400","subObjectId":"-1"},{"fields":[],"objectId":"13457403","subObjectId":"-1"}],"type":"ReportName"},{"rows":[],"type":"CategoryName"}]},"schema":{"groups":[],"revision":null,"subTable":{"13455981":{"fieldList":{"13455945":{"id":"13455945","label":"日付","properties":{"defaultExpression":null,"defaultValue":"2025-07-01","noLabel":"false","required":"false","unique":"false"},"type":"DATE","var":"日付"},"13455946":{"id":"13455946","label":"台数","properties":{"defaultValue":"0","digit":"false","displayScale":null,"max":null,"min":null,"noLabel":"false","required":"false","roundingMode":null,"scale":null,"unique":"false","unit":"台","unitPosition":"AFTER"},"type":"DECIMAL","var":"台数"},"13457375":{"id":"13457375","label":"SMT付加価値","properties":{"displayScale":null,"expression":"台数*数値","format":"NUMBER_DIGIT","hideExpression":"false","noLabel":"false","required":"false","roundingMode":null,"scale":null,"unit":"円","unitPosition":"AFTER"},"type":"CALC","var":"計算_0"},"13457376":{"id":"13457376","label":"ASSY付加価値","properties":{"displayScale":null,"expression":"台数*数値_0","format":"NUMBER_DIGIT","hideExpression":"false","noLabel":"false","required":"false","roundingMode":null,"scale":null,"unit":"円","unitPosition":"AFTER"},"type":"CALC","var":"計算_1"},"13457382":{"id":"13457382","label":"備考","properties":{"defaultValue":"","expression":"","hideExpression":"false","max":null,"min":null,"noLabel":"false","required":"false","unique":"false"},"type":"SINGLE_LINE_TEXT","var":"文字列__1行__1"},"13457384":{"id":"13457384","label":"付加価値","properties":{"displayScale":null,"expression":"計算_0\u002B計算_1","format":"NUMBER_DIGIT","hideExpression":"false","noLabel":"false","required":"false","roundingMode":null,"scale":null,"unit":"円","unitPosition":"AFTER"},"type":"CALC","var":"計算_5"},"13457401":{"id":"13457401","label":"入力日","properties":{"defaultExpression":"NOW","defaultValue":null,"noLabel":"false","required":"false","unique":"false"},"type":"DATE","var":"日付_1"}},"id":"13455981","label":"テーブル","properties":{"noLabel":"false"},"var":"テーブル"}},"table":{"fieldList":{"13455789":{"id":"13455789","label":"レコード番号","properties":{"noLabel":"false","required":"true"},"type":"RECORD_ID","var":"レコード番号"},"13455790":{"id":"13455790","label":"更新者","properties":{"noLabel":"false","required":"true"},"type":"MODIFIER","var":"更新者"},"13455791":{"id":"13455791","label":"作成者","properties":{"noLabel":"false","required":"true"},"type":"CREATOR","var":"作成者"},"13455792":{"id":"13455792","label":"更新日時","properties":{"noLabel":"false","required":"true"},"type":"MODIFIED_AT","var":"更新日時"},"13455793":{"id":"13455793","label":"作成日時","properties":{"noLabel":"false","required":"true"},"type":"CREATED_AT","var":"作成日時"},"13455794":{"id":"13455794","label":"ステータス","properties":{"noLabel":"false","required":"false"},"type":"STATUS","var":"ステータス"},"13455795":{"id":"13455795","label":"作業者","properties":{"noLabel":"false","required":"false"},"type":"STATUS_ASSIGNEE","var":"作業者"},"13455796":{"id":"13455796","label":"カテゴリー","properties":{"noLabel":"false","required":"false"},"type":"CATEGORY","var":"カテゴリー"},"13455798":{"id":"13455798","label":"取引先名","properties":{"defaultValue":"","expression":"","hideExpression":"false","max":null,"min":null,"noLabel":"false","required":"false","unique":"false"},"type":"SINGLE_LINE_TEXT","var":"文字列__1行__0"},"13455800":{"id":"13455800","label":"ＢＫＣ","properties":{"defaultValue":"","expression":"","hideExpression":"false","max":null,"min":null,"noLabel":"false","required":"false","unique":"false"},"type":"SINGLE_LINE_TEXT","var":"文字列__1行__2"},"13455801":{"id":"13455801","label":"シリーズ","properties":{"defaultValue":"","expression":"","hideExpression":"false","max":null,"min":null,"noLabel":"false","required":"false","unique":"false"},"type":"SINGLE_LINE_TEXT","var":"文字列__1行__3"},"13455904":{"id":"13455904","label":"合計台数","properties":{"displayScale":null,"expression":"SUM(台数)","format":"NUMBER_DIGIT","hideExpression":"false","noLabel":"false","required":"false","roundingMode":null,"scale":null,"unit":"台","unitPosition":"AFTER"},"type":"CALC","var":"計算"},"13457321":{"id":"13457321","label":"コード","properties":{"defaultValue":"","expression":"","hideExpression":"false","max":null,"min":null,"noLabel":"false","required":"false","unique":"false"},"type":"SINGLE_LINE_TEXT","var":"文字列__1行_"},"13457368":{"id":"13457368","label":"MODEL","properties":{"defaultValue":"","expression":"","hideExpression":"false","max":null,"min":null,"noLabel":"false","required":"false","unique":"false"},"type":"SINGLE_LINE_TEXT","var":"ルックアップ"},"13457369":{"id":"13457369","label":"SMT加工費","properties":{"defaultValue":null,"digit":"true","displayScale":null,"max":null,"min":null,"noLabel":"false","required":"false","roundingMode":null,"scale":null,"unique":"false","unit":"円","unitPosition":"AFTER"},"type":"DECIMAL","var":"数値"},"13457371":{"id":"13457371","label":"ASSY加工費","properties":{"defaultValue":null,"digit":"true","displayScale":null,"max":null,"min":null,"noLabel":"false","required":"false","roundingMode":null,"scale":null,"unique":"false","unit":"円","unitPosition":"AFTER"},"type":"DECIMAL","var":"数値_0"},"13457377":{"id":"13457377","label":"SMT付加価値計","properties":{"displayScale":null,"expression":"SUM(計算_0)","format":"NUMBER_DIGIT","hideExpression":"false","noLabel":"false","required":"false","roundingMode":null,"scale":null,"unit":"円","unitPosition":"AFTER"},"type":"CALC","var":"計算_2"},"13457378":{"id":"13457378","label":"ASSY付加価値計","properties":{"displayScale":null,"expression":"SUM(計算_1)","format":"NUMBER_DIGIT","hideExpression":"false","noLabel":"false","required":"false","roundingMode":null,"scale":null,"unit":"円","unitPosition":"AFTER"},"type":"CALC","var":"計算_3"},"13457379":{"id":"13457379","label":"付加価値計","properties":{"displayScale":null,"expression":"計算_2\u002B計算_3","format":"NUMBER_DIGIT","hideExpression":"false","noLabel":"false","required":"false","roundingMode":null,"scale":null,"unit":"円","unitPosition":"AFTER"},"type":"CALC","var":"計算_4"}},"id":"1","label":"__ROOT__","properties":null,"var":"__ROOT__"}},"settingsNotesForm":{"content":null,"willBeInherited":null},"status":{"actions":[],"filters":[],"initialStateId":null,"states":[],"useStatus":"false"},"uuid":"7d276fd5-321e-49aa-83ce-f4b7637aec7c","views":[{"advancedMode":"false","builtinType":null,"device":null,"fields":[{"row":[{"columnWidth":null,"id":"13455789"},{"columnWidth":null,"id":"13457321"},{"columnWidth":null,"id":"13455800"},{"columnWidth":null,"id":"13455798"},{"columnWidth":null,"id":"13455801"},{"columnWidth":null,"id":"13457368"},{"columnWidth":null,"id":"13455904"},{"columnWidth":null,"id":"13457377"},{"columnWidth":null,"id":"13457378"},{"columnWidth":null,"id":"13457379"}]}],"filter":{"category":null,"offset":null,"order":["DESC"],"q":null,"size":null,"sort":["f13455789"]},"html":null,"keyFieldId":null,"name":"一覧1","pager":null,"revision":null,"titleFieldId":null,"view":"13457380","viewType":"LIST"},{"advancedMode":null,"builtinType":"ALL","device":null,"fields":[{"row":[{"columnWidth":null,"id":"13455789"},{"columnWidth":null,"id":"13455798"},{"columnWidth":null,"id":"13455800"},{"columnWidth":null,"id":"13455801"},{"columnWidth":null,"id":"13455904"},{"columnWidth":null,"id":"13457321"},{"columnWidth":null,"id":"13457368"},{"columnWidth":null,"id":"13457369"},{"columnWidth":null,"id":"13457371"},{"columnWidth":null,"id":"13457377"},{"columnWidth":null,"id":"13457378"},{"columnWidth":null,"id":"13457379"}]}],"filter":{"category":null,"offset":null,"order":[],"q":null,"size":null,"sort":[]},"html":null,"keyFieldId":null,"name":"（すべて）","pager":null,"revision":null,"titleFieldId":null,"view":"20","viewType":"LIST"}]}],"description":"","iconKey":"APP39","iconMeta":null,"iconSrcAppId":"7d276fd5-321e-49aa-83ce-f4b7637aec7c","iconType":"PRESET","imagesMeta":[],"lookups":[{"actingAppId":"7d276fd5-321e-49aa-83ce-f4b7637aec7c","fieldMappings":[{"fieldId":"13455798","targetFieldId":"13457334"},{"fieldId":"13455800","targetFieldId":"13457336"},{"fieldId":"13455801","targetFieldId":"13457337"},{"fieldId":"13457321","targetFieldId":"13457333"},{"fieldId":"13457369","targetFieldId":"13457341"},{"fieldId":"13457371","targetFieldId":"13457340"}],"keyMapping":{"fieldId":"13457368","targetFieldId":"13457335"},"listFields":["13457336"],"query":{"category":null,"offset":null,"order":["desc"],"q":"order by f13457325 desc","size":null,"sort":["f13457325"]},"targetAppId":"bb9062a2-2385-4f31-911a-705517929366"}],"name":"計画シート ver2","references":[],"version":"44"}