{"actions":[],"apps":[{"acl":{"app":[],"field":[],"record":[]},"app":null,"category":{"categories":[],"useCategory":"false"},"form":{"layout":"[{\"id\":null,\"type\":\"ROW\",\"isSubTable\":false,\"var\":null,\"label\":null,\"controlList\":[{\"isVirtical\":true,\"styleMap\":{\"width\":193},\"type\":\"SINGLE_LINE_TEXT\",\"var\":\"company\",\"label\":\"会社名\"},{\"isVirtical\":true,\"styleMap\":{\"width\":111},\"type\":\"SINGLE_LINE_TEXT\",\"var\":\"deputy\",\"label\":\"所属\"},{\"isVirtical\":true,\"styleMap\":{\"width\":112},\"type\":\"SINGLE_LINE_TEXT\",\"var\":\"line\",\"label\":\"所属ライン\"},{\"isVirtical\":true,\"styleMap\":{\"width\":193},\"type\":\"SINGLE_LINE_TEXT\",\"var\":\"文字列__1行_\",\"label\":\"分類\"}]},{\"id\":null,\"type\":\"ROW\",\"isSubTable\":false,\"var\":null,\"label\":null,\"controlList\":[{\"isVirtical\":true,\"styleMap\":{\"width\":164},\"type\":\"SINGLE_LINE_TEXT\",\"var\":\"user_code\",\"label\":\"社員番号\"},{\"isVirtical\":true,\"styleMap\":{\"width\":310},\"type\":\"SINGLE_LINE_TEXT\",\"var\":\"use_name\",\"label\":\"名前\"}]}]","revision":null},"iconMeta":null,"info":{"automaticallyChooseTitleComponent":"true","code":null,"decimalPrecision":"16","decimalScale":"4","description":"","enableBulkDeletion":"false","enableRecordReuse":"true","fiscalYearStartMonth":"4","iconKey":"APP39","iconType":"PRESET","jsFiles":null,"jsScope":"ALL","name":"ユーザーマスタ","roundingMode":"HALF_EVEN","theme":"PLAIN","titleComponentLocalId":null,"useComment":"true","useHistory":"true","useInlineEditAndDelete":"true","useThumbnail":"true"},"jsFiles":[{"jsFileMetas":[{"internalName":null,"locationType":"BLOB","mime":"application/javascript","name":"ファイルに書き出すボタンを作成.js","url":null},{"internalName":null,"locationType":"BLOB","mime":"application/javascript","name":"全レコード削除ボタンとファイルから読み込むボタン.js","url":null}],"jsType":"DESKTOP"}],"notification":{"appNotifications":[{"events":["RECORD_COMMENT_ADDED"],"target":{"entityId":"13457526","entityType":"FIELD_ENTITY","includeSubs":"false"}},{"events":["RECORD_COMMENT_ADDED"],"target":{"entityId":"13457527","entityType":"FIELD_ENTITY","includeSubs":"false"}}],"recordNotifications":[],"reminderTimezone":null,"reminders":[],"useComment":"true","useReminder":"false"},"plugins":[],"reports":[],"resource":{"tables":[{"rows":[{"fields":[],"objectId":"0","subObjectId":"-1"}],"type":"AppName"},{"rows":[{"fields":[],"objectId":"0","subObjectId":"-1"}],"type":"AppDescription"},{"rows":[{"fields":[],"objectId":"13457525","subObjectId":"-1"},{"fields":[],"objectId":"13457526","subObjectId":"-1"},{"fields":[],"objectId":"13457527","subObjectId":"-1"},{"fields":[],"objectId":"13457528","subObjectId":"-1"},{"fields":[],"objectId":"13457529","subObjectId":"-1"},{"fields":[],"objectId":"13457530","subObjectId":"-1"},{"fields":[],"objectId":"13457531","subObjectId":"-1"},{"fields":[],"objectId":"13457532","subObjectId":"-1"},{"fields":[],"objectId":"13457533","subObjectId":"-1"},{"fields":[],"objectId":"13457534","subObjectId":"-1"},{"fields":[],"objectId":"13457626","subObjectId":"-1"},{"fields":[],"objectId":"13457627","subObjectId":"-1"},{"fields":[],"objectId":"13457629","subObjectId":"-1"},{"fields":[],"objectId":"13457954","subObjectId":"-1"}],"type":"FieldLabel"},{"rows":[{"fields":[],"objectId":"20","subObjectId":"-1"}],"type":"ViewName"},{"rows":[],"type":"CategoryName"}]},"schema":{"groups":[],"revision":null,"subTable":{},"table":{"fieldList":{"13457525":{"id":"13457525","label":"レコード番号","properties":{"noLabel":"false","required":"true"},"type":"RECORD_ID","var":"レコード番号"},"13457526":{"id":"13457526","label":"更新者","properties":{"noLabel":"false","required":"true"},"type":"MODIFIER","var":"更新者"},"13457527":{"id":"13457527","label":"作成者","properties":{"noLabel":"false","required":"true"},"type":"CREATOR","var":"作成者"},"13457528":{"id":"13457528","label":"更新日時","properties":{"noLabel":"false","required":"true"},"type":"MODIFIED_AT","var":"更新日時"},"13457529":{"id":"13457529","label":"作成日時","properties":{"noLabel":"false","required":"true"},"type":"CREATED_AT","var":"作成日時"},"13457530":{"id":"13457530","label":"ステータス","properties":{"noLabel":"false","required":"false"},"type":"STATUS","var":"ステータス"},"13457531":{"id":"13457531","label":"作業者","properties":{"noLabel":"false","required":"false"},"type":"STATUS_ASSIGNEE","var":"作業者"},"13457532":{"id":"13457532","label":"カテゴリー","properties":{"noLabel":"false","required":"false"},"type":"CATEGORY","var":"カテゴリー"},"13457533":{"id":"13457533","label":"社員番号","properties":{"defaultValue":"","expression":"","hideExpression":"false","max":"64","min":null,"noLabel":"false","required":"true","unique":"true"},"type":"SINGLE_LINE_TEXT","var":"user_code"},"13457534":{"id":"13457534","label":"名前","properties":{"defaultValue":"","expression":"","hideExpression":"false","max":null,"min":null,"noLabel":"false","required":"true","unique":"false"},"type":"SINGLE_LINE_TEXT","var":"use_name"},"13457626":{"id":"13457626","label":"会社名","properties":{"defaultValue":"","expression":"","hideExpression":"false","max":null,"min":null,"noLabel":"false","required":"false","unique":"false"},"type":"SINGLE_LINE_TEXT","var":"company"},"13457627":{"id":"13457627","label":"所属","properties":{"defaultValue":"","expression":"","hideExpression":"false","max":null,"min":null,"noLabel":"false","required":"false","unique":"false"},"type":"SINGLE_LINE_TEXT","var":"deputy"},"13457629":{"id":"13457629","label":"所属ライン","properties":{"defaultValue":"","expression":"","hideExpression":"false","max":null,"min":null,"noLabel":"false","required":"false","unique":"false"},"type":"SINGLE_LINE_TEXT","var":"line"},"13457954":{"id":"13457954","label":"分類","properties":{"defaultValue":"","expression":"","hideExpression":"false","max":null,"min":null,"noLabel":"false","required":"false","unique":"false"},"type":"SINGLE_LINE_TEXT","var":"文字列__1行_"}},"id":"1","label":"__ROOT__","properties":null,"var":"__ROOT__"}},"settingsNotesForm":{"content":null,"willBeInherited":null},"status":{"actions":[],"filters":[],"initialStateId":null,"states":[],"useStatus":"false"},"uuid":"8884654e-b67f-419d-85ef-81024fc6fd02","views":[{"advancedMode":null,"builtinType":"ALL","device":null,"fields":[{"row":[{"columnWidth":null,"id":"13457525"},{"columnWidth":null,"id":"13457533"},{"columnWidth":null,"id":"13457534"},{"columnWidth":null,"id":"13457626"},{"columnWidth":null,"id":"13457627"},{"columnWidth":null,"id":"13457629"},{"columnWidth":null,"id":"13457954"}]}],"filter":{"category":null,"offset":null,"order":[],"q":null,"size":null,"sort":[]},"html":null,"keyFieldId":null,"name":"（すべて）","pager":null,"revision":null,"titleFieldId":null,"view":"20","viewType":"LIST"}]}],"description":"","iconKey":"APP39","iconMeta":null,"iconSrcAppId":"8884654e-b67f-419d-85ef-81024fc6fd02","iconType":"PRESET","imagesMeta":[],"lookups":[],"name":"ユーザーマスタ","references":[],"version":"44"}