{"actions":[{"actingAppId":"1a70ef8b-dd65-4c68-b458-b8fcb8b4e766","filterCond":"","localId":"6352316","mappings":[],"name":"この製品の追加注文分を登録する","targetAppId":"1a70ef8b-dd65-4c68-b458-b8fcb8b4e766"}],"apps":[{"acl":{"app":[],"field":[],"record":[]},"app":null,"category":{"categories":[],"useCategory":"false"},"form":{"layout":"[{\"id\":null,\"type\":\"ROW\",\"isSubTable\":false,\"var\":null,\"label\":null,\"controlList\":[{\"isVirtical\":true,\"styleMap\":{\"width\":196},\"type\":\"SINGLE_SELECT\",\"var\":\"ドロップダウン\",\"label\":\"カスタマー名\"},{\"isVirtical\":true,\"styleMap\":{\"width\":196},\"type\":\"SINGLE_SELECT\",\"var\":\"ライン名\",\"label\":\"ライン名\"},{\"isVirtical\":true,\"styleMap\":{\"width\":319},\"type\":\"SINGLE_SELECT\",\"var\":\"担当名\",\"label\":\"担当名\"}]},{\"id\":null,\"type\":\"ROW\",\"isSubTable\":false,\"var\":null,\"label\":null,\"controlList\":[{\"isVirtical\":true,\"styleMap\":{\"width\":117},\"type\":\"DATE\",\"var\":\"日付_3\",\"label\":\"生産日\"},{\"isVirtical\":true,\"styleMap\":{\"width\":244},\"type\":\"SINGLE_LINE_TEXT\",\"var\":\"文字列__1行_\",\"label\":\"機種名\"}]},{\"id\":null,\"type\":\"ROW\",\"isSubTable\":false,\"var\":null,\"label\":null,\"controlList\":[{\"isVirtical\":true,\"styleMap\":{\"width\":193},\"type\":\"DECIMAL\",\"var\":\"予定台数\",\"label\":\"予定台数\"},{\"isVirtical\":true,\"styleMap\":{\"width\":193},\"type\":\"DECIMAL\",\"var\":\"目標台数\",\"label\":\"目標台数\"},{\"isVirtical\":true,\"styleMap\":{\"width\":193},\"type\":\"DECIMAL\",\"var\":\"実績台数\",\"label\":\"実績台数\"},{\"isVirtical\":true,\"styleMap\":{\"width\":193},\"type\":\"CALC\",\"var\":\"生産性\",\"label\":\"生産性\"}]},{\"id\":null,\"type\":\"ROW\",\"isSubTable\":false,\"var\":null,\"label\":null,\"controlList\":[{\"isVirtical\":true,\"styleMap\":{\"width\":772},\"type\":\"SINGLE_LINE_TEXT\",\"var\":\"文字列__1行__8\",\"label\":\"備考\"}]},{\"id\":null,\"type\":\"ROW\",\"isSubTable\":false,\"var\":null,\"label\":null,\"controlList\":[{\"isVirtical\":true,\"styleMap\":{\"width\":120},\"type\":\"DECIMAL\",\"var\":\"社内工数1\",\"label\":\"■社内工数\"},{\"isVirtical\":true,\"styleMap\":{\"width\":148},\"type\":\"DECIMAL\",\"var\":\"社内工数時間1\",\"label\":\"社内工数時間\"},{\"isVirtical\":true,\"styleMap\":{\"width\":125},\"type\":\"CALC\",\"var\":\"社内工数合計1\",\"label\":\"合計\"},{\"isVirtical\":true,\"styleMap\":{\"width\":193},\"type\":\"CALC\",\"var\":\"社内工数経費1_0\",\"label\":\"社内工数経費\"},{\"isVirtical\":true,\"styleMap\":{\"width\":193},\"type\":\"SINGLE_LINE_TEXT\",\"var\":\"文字列__1行__0\",\"label\":\"備考\"}]},{\"id\":null,\"type\":\"ROW\",\"isSubTable\":false,\"var\":null,\"label\":null,\"controlList\":[{\"isVirtical\":true,\"styleMap\":{\"width\":120},\"type\":\"DECIMAL\",\"var\":\"社内工数2\",\"label\":\"■社内工数\"},{\"isVirtical\":true,\"styleMap\":{\"width\":148},\"type\":\"DECIMAL\",\"var\":\"社内工数時間2\",\"label\":\"社内工数時間\"},{\"isVirtical\":true,\"styleMap\":{\"width\":125},\"type\":\"CALC\",\"var\":\"社内工数合計2\",\"label\":\"合計\"},{\"isVirtical\":true,\"styleMap\":{\"width\":193},\"type\":\"CALC\",\"var\":\"社内工数経費2_0\",\"label\":\"社内工数経費\"},{\"isVirtical\":true,\"styleMap\":{\"width\":193},\"type\":\"SINGLE_LINE_TEXT\",\"var\":\"文字列__1行__10\",\"label\":\"備考\"}]},{\"id\":null,\"type\":\"ROW\",\"isSubTable\":false,\"var\":null,\"label\":null,\"controlList\":[{\"isVirtical\":true,\"styleMap\":{\"width\":120},\"type\":\"DECIMAL\",\"var\":\"社内工数3\",\"label\":\"■社内工数\"},{\"isVirtical\":true,\"styleMap\":{\"width\":148},\"type\":\"DECIMAL\",\"var\":\"社内工数時間3\",\"label\":\"社内工数時間\"},{\"isVirtical\":true,\"styleMap\":{\"width\":125},\"type\":\"CALC\",\"var\":\"社内工数合計3\",\"label\":\"合計\"},{\"isVirtical\":true,\"styleMap\":{\"width\":193},\"type\":\"CALC\",\"var\":\"社内工数経費3\",\"label\":\"社内工数経費\"},{\"isVirtical\":true,\"styleMap\":{\"width\":193},\"type\":\"SINGLE_LINE_TEXT\",\"var\":\"文字列__1行__12\",\"label\":\"備考\"}]},{\"id\":null,\"type\":\"ROW\",\"isSubTable\":false,\"var\":null,\"label\":null,\"controlList\":[{\"isVirtical\":true,\"styleMap\":{\"width\":120},\"type\":\"DECIMAL\",\"var\":\"社内残業工数\",\"label\":\"□社内残業工数\"},{\"isVirtical\":true,\"styleMap\":{\"width\":148},\"type\":\"DECIMAL\",\"var\":\"社内残業工数時間\",\"label\":\"社内残業工数時間\"},{\"isVirtical\":true,\"styleMap\":{\"width\":125},\"type\":\"CALC\",\"var\":\"社内残業工数合計\",\"label\":\"合計\"},{\"isVirtical\":true,\"styleMap\":{\"width\":193},\"type\":\"CALC\",\"var\":\"社内残業工数経費\",\"label\":\"社内残業工数経費\"},{\"isVirtical\":true,\"styleMap\":{\"width\":193},\"type\":\"SINGLE_LINE_TEXT\",\"var\":\"文字列__1行__5\",\"label\":\"備考\"}]},{\"id\":null,\"type\":\"ROW\",\"isSubTable\":false,\"var\":null,\"label\":null,\"controlList\":[{\"isVirtical\":true,\"styleMap\":{\"width\":120},\"type\":\"DECIMAL\",\"var\":\"社外工数\",\"label\":\"◆社外工数\"},{\"isVirtical\":true,\"styleMap\":{\"width\":148},\"type\":\"DECIMAL\",\"var\":\"社外工数時間\",\"label\":\"社外工数時間\"},{\"isVirtical\":true,\"styleMap\":{\"width\":125},\"type\":\"CALC\",\"var\":\"社外工数合計\",\"label\":\"合計\"},{\"isVirtical\":true,\"styleMap\":{\"width\":193},\"type\":\"CALC\",\"var\":\"社外工数経費\",\"label\":\"社外工数経費\"},{\"isVirtical\":true,\"styleMap\":{\"width\":193},\"type\":\"SINGLE_LINE_TEXT\",\"var\":\"文字列__1行__6\",\"label\":\"備考\"}]},{\"id\":null,\"type\":\"ROW\",\"isSubTable\":false,\"var\":null,\"label\":null,\"controlList\":[{\"isVirtical\":true,\"styleMap\":{\"width\":120},\"type\":\"DECIMAL\",\"var\":\"社外残業工数\",\"label\":\"◇社外残業工数\"},{\"isVirtical\":true,\"styleMap\":{\"width\":148},\"type\":\"DECIMAL\",\"var\":\"社外残業工数時間\",\"label\":\"社外残業工数時間\"},{\"isVirtical\":true,\"styleMap\":{\"width\":125},\"type\":\"CALC\",\"var\":\"社外残業工数合計\",\"label\":\"合計\"},{\"isVirtical\":true,\"styleMap\":{\"width\":193},\"type\":\"CALC\",\"var\":\"社外残業工数経費\",\"label\":\"社外残業工数経費\"},{\"isVirtical\":true,\"styleMap\":{\"width\":193},\"type\":\"SINGLE_LINE_TEXT\",\"var\":\"文字列__1行__7\",\"label\":\"備考\"}]},{\"id\":null,\"type\":\"ROW\",\"isSubTable\":false,\"var\":null,\"label\":null,\"controlList\":[{\"styleMap\":{\"width\":393,\"height\":66},\"elementId\":\"\",\"type\":\"SPACER\"},{\"isVirtical\":true,\"styleMap\":{\"width\":193},\"type\":\"CALC\",\"var\":\"経費合計\",\"label\":\"経費合計\"}]},{\"id\":null,\"type\":\"ROW\",\"isSubTable\":false,\"var\":null,\"label\":null,\"controlList\":[{\"isVirtical\":true,\"styleMap\":{\"width\":748,\"height\":175,\"innerHeight\":138},\"type\":\"MULTIPLE_LINE_TEXT\",\"var\":\"文字列__複数行_\",\"label\":\"実績未達原因\"}]},{\"id\":null,\"type\":\"ROW\",\"isSubTable\":false,\"var\":null,\"label\":null,\"controlList\":[{\"isVirtical\":true,\"styleMap\":{\"width\":748,\"height\":149,\"innerHeight\":141},\"type\":\"MULTIPLE_LINE_TEXT\",\"var\":\"文字列__複数行__0\",\"label\":\"改善内容\"}]},{\"id\":null,\"type\":\"ROW\",\"isSubTable\":false,\"var\":null,\"label\":null,\"controlList\":[{\"isVirtical\":true,\"styleMap\":{\"width\":748,\"height\":149,\"innerHeight\":141},\"type\":\"MULTIPLE_LINE_TEXT\",\"var\":\"文字列__複数行__1\",\"label\":\"4M変化点と注意点\"}]},{\"id\":null,\"type\":\"ROW\",\"isSubTable\":false,\"var\":null,\"label\":null,\"controlList\":[{\"isVirtical\":true,\"styleMap\":{\"width\":748,\"height\":133,\"innerHeight\":125},\"type\":\"MULTIPLE_LINE_TEXT\",\"var\":\"文字列__複数行__2\",\"label\":\"品質状況\"}]},{\"id\":null,\"type\":\"ROW\",\"isSubTable\":false,\"var\":null,\"label\":null,\"controlList\":[{\"isVirtical\":true,\"styleMap\":{\"width\":196},\"type\":\"SINGLE_SELECT\",\"var\":\"ドロップダウン_0\",\"label\":\"品質アラーム\"}]},{\"id\":null,\"type\":\"ROW\",\"isSubTable\":false,\"var\":null,\"label\":null,\"controlList\":[{\"isVirtical\":true,\"styleMap\":{\"width\":567},\"type\":\"SINGLE_LINE_TEXT\",\"var\":\"文字列__1行__1\",\"label\":\"不良名\"},{\"isVirtical\":true,\"styleMap\":{\"width\":193},\"type\":\"DECIMAL\",\"var\":\"数値\",\"label\":\"件数\"}]},{\"id\":null,\"type\":\"ROW\",\"isSubTable\":false,\"var\":null,\"label\":null,\"controlList\":[{\"isVirtical\":true,\"styleMap\":{\"width\":378,\"height\":128,\"innerHeight\":91},\"type\":\"MULTIPLE_LINE_TEXT\",\"var\":\"原因\",\"label\":\"原因\"},{\"isVirtical\":true,\"styleMap\":{\"width\":382,\"height\":128,\"innerHeight\":91},\"type\":\"MULTIPLE_LINE_TEXT\",\"var\":\"対策\",\"label\":\"対策\"}]},{\"id\":null,\"type\":\"ROW\",\"isSubTable\":false,\"var\":null,\"label\":null,\"controlList\":[{\"isVirtical\":true,\"styleMap\":{\"width\":196},\"type\":\"SINGLE_SELECT\",\"var\":\"ドロップダウン_2\",\"label\":\"波及性\"},{\"isVirtical\":true,\"styleMap\":{\"width\":567},\"type\":\"SINGLE_LINE_TEXT\",\"var\":\"文字列__1行__9\",\"label\":\"理由(他の生産品は問題ないか)\"}]},{\"id\":null,\"type\":\"ROW\",\"isSubTable\":false,\"var\":null,\"label\":null,\"controlList\":[{\"isVirtical\":true,\"styleMap\":{\"width\":567},\"type\":\"SINGLE_LINE_TEXT\",\"var\":\"文字列__1行__2\",\"label\":\"不良名\"},{\"isVirtical\":true,\"styleMap\":{\"width\":193},\"type\":\"DECIMAL\",\"var\":\"数値_0\",\"label\":\"件数\"}]},{\"id\":null,\"type\":\"ROW\",\"isSubTable\":false,\"var\":null,\"label\":null,\"controlList\":[{\"isVirtical\":true,\"styleMap\":{\"width\":378,\"height\":128,\"innerHeight\":91},\"type\":\"MULTIPLE_LINE_TEXT\",\"var\":\"原因_0\",\"label\":\"原因\"},{\"isVirtical\":true,\"styleMap\":{\"width\":382,\"height\":128,\"innerHeight\":91},\"type\":\"MULTIPLE_LINE_TEXT\",\"var\":\"対策_0\",\"label\":\"対策\"}]},{\"id\":null,\"type\":\"ROW\",\"isSubTable\":false,\"var\":null,\"label\":null,\"controlList\":[{\"isVirtical\":true,\"styleMap\":{\"width\":196},\"type\":\"SINGLE_SELECT\",\"var\":\"ドロップダウン_1\",\"label\":\"波及性\"},{\"isVirtical\":true,\"styleMap\":{\"width\":567},\"type\":\"SINGLE_LINE_TEXT\",\"var\":\"文字列__1行__4\",\"label\":\"理由(他の生産品は問題ないか)\"}]},{\"id\":null,\"type\":\"ROW\",\"isSubTable\":false,\"var\":null,\"label\":null,\"controlList\":[{\"isVirtical\":true,\"styleMap\":{\"width\":567},\"type\":\"SINGLE_LINE_TEXT\",\"var\":\"文字列__1行__3\",\"label\":\"不良名\"},{\"isVirtical\":true,\"styleMap\":{\"width\":193},\"type\":\"DECIMAL\",\"var\":\"数値_12\",\"label\":\"件数\"}]},{\"id\":null,\"type\":\"ROW\",\"isSubTable\":false,\"var\":null,\"label\":null,\"controlList\":[{\"isVirtical\":true,\"styleMap\":{\"width\":378,\"height\":128,\"innerHeight\":91},\"type\":\"MULTIPLE_LINE_TEXT\",\"var\":\"原因_1\",\"label\":\"原因\"},{\"isVirtical\":true,\"styleMap\":{\"width\":382,\"height\":128,\"innerHeight\":91},\"type\":\"MULTIPLE_LINE_TEXT\",\"var\":\"対策_1\",\"label\":\"対策\"}]},{\"id\":null,\"type\":\"ROW\",\"isSubTable\":false,\"var\":null,\"label\":null,\"controlList\":[{\"isVirtical\":true,\"styleMap\":{\"width\":196},\"type\":\"SINGLE_SELECT\",\"var\":\"ドロップダウン_3\",\"label\":\"波及性\"},{\"isVirtical\":true,\"styleMap\":{\"width\":567},\"type\":\"SINGLE_LINE_TEXT\",\"var\":\"文字列__1行__11\",\"label\":\"理由(他の生産品は問題ないか)\"}]},{\"id\":null,\"type\":\"ROW\",\"isSubTable\":false,\"var\":null,\"label\":null,\"controlList\":[{\"isVirtical\":true,\"styleMap\":{\"width\":567},\"type\":\"SINGLE_LINE_TEXT\",\"var\":\"文字列__1行__13\",\"label\":\"不良名\"},{\"isVirtical\":true,\"styleMap\":{\"width\":193},\"type\":\"DECIMAL\",\"var\":\"数値_1\",\"label\":\"件数\"}]},{\"id\":null,\"type\":\"ROW\",\"isSubTable\":false,\"var\":null,\"label\":null,\"controlList\":[{\"isVirtical\":true,\"styleMap\":{\"width\":378,\"height\":128,\"innerHeight\":91},\"type\":\"MULTIPLE_LINE_TEXT\",\"var\":\"原因_2\",\"label\":\"原因\"},{\"isVirtical\":true,\"styleMap\":{\"width\":382,\"height\":128,\"innerHeight\":91},\"type\":\"MULTIPLE_LINE_TEXT\",\"var\":\"対策_2\",\"label\":\"対策\"}]},{\"id\":null,\"type\":\"ROW\",\"isSubTable\":false,\"var\":null,\"label\":null,\"controlList\":[{\"isVirtical\":true,\"styleMap\":{\"width\":196},\"type\":\"SINGLE_SELECT\",\"var\":\"ドロップダウン_4\",\"label\":\"波及性\"},{\"isVirtical\":true,\"styleMap\":{\"width\":567},\"type\":\"SINGLE_LINE_TEXT\",\"var\":\"文字列__1行__14\",\"label\":\"理由(他の生産品は問題ないか)\"}]},{\"id\":null,\"type\":\"ROW\",\"isSubTable\":false,\"var\":null,\"label\":null,\"controlList\":[{\"isVirtical\":true,\"styleMap\":{\"width\":567},\"type\":\"SINGLE_LINE_TEXT\",\"var\":\"文字列__1行__15\",\"label\":\"不良名\"},{\"isVirtical\":true,\"styleMap\":{\"width\":193},\"type\":\"DECIMAL\",\"var\":\"数値_2\",\"label\":\"件数\"}]},{\"id\":null,\"type\":\"ROW\",\"isSubTable\":false,\"var\":null,\"label\":null,\"controlList\":[{\"isVirtical\":true,\"styleMap\":{\"width\":378,\"height\":128,\"innerHeight\":91},\"type\":\"MULTIPLE_LINE_TEXT\",\"var\":\"原因_3\",\"label\":\"原因\"},{\"isVirtical\":true,\"styleMap\":{\"width\":382,\"height\":128,\"innerHeight\":91},\"type\":\"MULTIPLE_LINE_TEXT\",\"var\":\"対策_3\",\"label\":\"対策\"}]},{\"id\":null,\"type\":\"ROW\",\"isSubTable\":false,\"var\":null,\"label\":null,\"controlList\":[{\"isVirtical\":true,\"styleMap\":{\"width\":196},\"type\":\"SINGLE_SELECT\",\"var\":\"ドロップダウン_5\",\"label\":\"波及性\"},{\"isVirtical\":true,\"styleMap\":{\"width\":567},\"type\":\"SINGLE_LINE_TEXT\",\"var\":\"文字列__1行__16\",\"label\":\"理由(他の生産品は問題ないか)\"}]},{\"id\":null,\"type\":\"ROW\",\"isSubTable\":false,\"var\":null,\"label\":null,\"controlList\":[{\"isVirtical\":true,\"styleMap\":{\"width\":378,\"height\":128,\"innerHeight\":91},\"type\":\"MULTIPLE_LINE_TEXT\",\"var\":\"文字列__複数行__5\",\"label\":\"作業標準書との不一致\"},{\"isVirtical\":true,\"styleMap\":{\"width\":378,\"height\":128,\"innerHeight\":91},\"type\":\"MULTIPLE_LINE_TEXT\",\"var\":\"文字列__複数行__6\",\"label\":\"その他\"}]}]","revision":null},"iconMeta":{"internalName":null,"mime":"image/png","name":"分析のフリーアイコン.png"},"info":{"automaticallyChooseTitleComponent":"true","code":null,"decimalPrecision":"16","decimalScale":"4","description":"\u003Cdiv\u003E\u003Cdiv style=\"font-family:, &#39;hiragino kaku gothic pron&#39; , &#39;meiryo&#39; , sans-serif;font-size:14px;white-space:pre-wrap\"\u003E生産の進捗状況を顧客/製品別に共有することが出来るアプリです。\u003C/div\u003E\u003Cdiv style=\"font-family:, &#39;hiragino kaku gothic pron&#39; , &#39;meiryo&#39; , sans-serif;font-size:14px;white-space:pre-wrap\"\u003E営業が受注数量や納期を登録し、生産管理/製造部が進捗状況を登録していくことで製品納期のやり取りをスムーズに行うことが出来ます。\u003C/div\u003E\u003C/div\u003E","enableBulkDeletion":"false","enableRecordReuse":"true","fiscalYearStartMonth":"4","iconKey":"10693","iconType":"BLOB","jsFiles":null,"jsScope":"ALL","name":"生産進捗管理(工程流動)","roundingMode":"HALF_EVEN","theme":"BLUE","titleComponentLocalId":null,"useComment":"true","useHistory":"true","useInlineEditAndDelete":"true","useThumbnail":"true"},"jsFiles":[],"notification":{"appNotifications":[{"events":["RECORD_COMMENT_ADDED"],"target":{"entityId":"6352133","entityType":"FIELD_ENTITY","includeSubs":"false"}},{"events":["RECORD_COMMENT_ADDED"],"target":{"entityId":"6352134","entityType":"FIELD_ENTITY","includeSubs":"false"}}],"recordNotifications":[],"reminderTimezone":null,"reminders":[],"useComment":"true","useReminder":"false"},"plugins":[],"reports":[{"advancedMode":"false","filter":{"category":null,"offset":null,"order":[],"q":null,"size":null,"sort":[]},"isAborted":null,"name":"顧客別出荷数量","processType":null,"report":"6381431","reportType":"SUBTOTAL","revision":null,"settings":"{\"chartType\":\"column\",\"groups\":[],\"order\":[\"DESC\"],\"sort\":[\"s0\"],\"stackType\":\"stacked\",\"summaries\":[{\"id\":null,\"op\":\"COUNT\"}]}","tallyPeriod":null,"tallyStartDateTime":null}],"resource":{"tables":[{"rows":[{"fields":[],"objectId":"0","subObjectId":"-1"}],"type":"AppName"},{"rows":[{"fields":[],"objectId":"0","subObjectId":"-1"}],"type":"AppDescription"},{"rows":[{"fields":[],"objectId":"6352132","subObjectId":"-1"},{"fields":[],"objectId":"6352133","subObjectId":"-1"},{"fields":[],"objectId":"6352134","subObjectId":"-1"},{"fields":[],"objectId":"6352135","subObjectId":"-1"},{"fields":[],"objectId":"6352136","subObjectId":"-1"},{"fields":[],"objectId":"6352137","subObjectId":"-1"},{"fields":[],"objectId":"6352138","subObjectId":"-1"},{"fields":[],"objectId":"6352139","subObjectId":"-1"},{"fields":[],"objectId":"6352185","subObjectId":"-1"},{"fields":[],"objectId":"13455824","subObjectId":"-1"},{"fields":[],"objectId":"13455825","subObjectId":"-1"},{"fields":[],"objectId":"13455826","subObjectId":"-1"},{"fields":[],"objectId":"13455827","subObjectId":"-1"},{"fields":[],"objectId":"13455828","subObjectId":"-1"},{"fields":[],"objectId":"13455829","subObjectId":"-1"},{"fields":[],"objectId":"13455830","subObjectId":"-1"},{"fields":[],"objectId":"13455831","subObjectId":"-1"},{"fields":[],"objectId":"13455832","subObjectId":"-1"},{"fields":[],"objectId":"13455833","subObjectId":"-1"},{"fields":[],"objectId":"13455834","subObjectId":"-1"},{"fields":[],"objectId":"13455835","subObjectId":"-1"},{"fields":[],"objectId":"13455836","subObjectId":"-1"},{"fields":[],"objectId":"13455837","subObjectId":"-1"},{"fields":[],"objectId":"13455838","subObjectId":"-1"},{"fields":[],"objectId":"13455839","subObjectId":"-1"},{"fields":[],"objectId":"13455840","subObjectId":"-1"},{"fields":[],"objectId":"13455841","subObjectId":"-1"},{"fields":[],"objectId":"13455842","subObjectId":"-1"},{"fields":[],"objectId":"13455843","subObjectId":"-1"},{"fields":[],"objectId":"13455887","subObjectId":"-1"},{"fields":[],"objectId":"13455887","subObjectId":"13455845"},{"fields":[],"objectId":"13455887","subObjectId":"13455848"},{"fields":[],"objectId":"13455887","subObjectId":"13455849"},{"fields":[],"objectId":"13455887","subObjectId":"13455850"},{"fields":[],"objectId":"13455887","subObjectId":"13455851"},{"fields":[],"objectId":"13455887","subObjectId":"13455852"},{"fields":[],"objectId":"13455887","subObjectId":"13455853"},{"fields":[],"objectId":"13455887","subObjectId":"13455854"},{"fields":[],"objectId":"13455887","subObjectId":"13455855"},{"fields":[],"objectId":"13455887","subObjectId":"13455856"},{"fields":[],"objectId":"13455887","subObjectId":"13455857"},{"fields":[],"objectId":"13455887","subObjectId":"13455858"},{"fields":[],"objectId":"13455887","subObjectId":"13455859"},{"fields":[],"objectId":"13455887","subObjectId":"13455860"},{"fields":[],"objectId":"13455887","subObjectId":"13455861"},{"fields":[],"objectId":"13455887","subObjectId":"13455862"},{"fields":[],"objectId":"13455887","subObjectId":"13455863"},{"fields":[],"objectId":"13455887","subObjectId":"13455864"},{"fields":[],"objectId":"13455887","subObjectId":"13455865"},{"fields":[],"objectId":"13455887","subObjectId":"13455866"},{"fields":[],"objectId":"13455887","subObjectId":"13455867"},{"fields":[],"objectId":"13455887","subObjectId":"13455868"},{"fields":[],"objectId":"13455887","subObjectId":"13455869"},{"fields":[],"objectId":"13455887","subObjectId":"13455870"},{"fields":[],"objectId":"13455887","subObjectId":"13455871"},{"fields":[],"objectId":"13455887","subObjectId":"13455872"},{"fields":[],"objectId":"13455887","subObjectId":"13455873"},{"fields":[],"objectId":"13455887","subObjectId":"13455874"},{"fields":[],"objectId":"13455887","subObjectId":"13455875"},{"fields":[],"objectId":"13455887","subObjectId":"13455876"},{"fields":[],"objectId":"13455887","subObjectId":"13455877"},{"fields":[],"objectId":"13455887","subObjectId":"13455878"},{"fields":[],"objectId":"13455887","subObjectId":"13455879"},{"fields":[],"objectId":"13455887","subObjectId":"13455880"},{"fields":[],"objectId":"13455887","subObjectId":"13455881"},{"fields":[],"objectId":"13455887","subObjectId":"13455882"},{"fields":[],"objectId":"13455887","subObjectId":"13455883"},{"fields":[],"objectId":"13455887","subObjectId":"13455884"},{"fields":[],"objectId":"13455887","subObjectId":"13455885"},{"fields":[],"objectId":"13455887","subObjectId":"13455886"},{"fields":[],"objectId":"13455887","subObjectId":"13455847"},{"fields":[],"objectId":"13455887","subObjectId":"13455846"},{"fields":[],"objectId":"13455890","subObjectId":"-1"},{"fields":[],"objectId":"13455891","subObjectId":"-1"},{"fields":[],"objectId":"13455891","subObjectId":"13455888"},{"fields":[],"objectId":"13455891","subObjectId":"13455889"},{"fields":[],"objectId":"13455893","subObjectId":"-1"},{"fields":[],"objectId":"13455897","subObjectId":"-1"},{"fields":[],"objectId":"13455898","subObjectId":"-1"},{"fields":[],"objectId":"13455899","subObjectId":"-1"},{"fields":[],"objectId":"13455900","subObjectId":"-1"},{"fields":[],"objectId":"13455901","subObjectId":"-1"},{"fields":[],"objectId":"13455902","subObjectId":"-1"},{"fields":[],"objectId":"13455902","subObjectId":"13455895"},{"fields":[],"objectId":"13455902","subObjectId":"13455896"},{"fields":[],"objectId":"13455903","subObjectId":"-1"},{"fields":[],"objectId":"13455941","subObjectId":"-1"},{"fields":[],"objectId":"13455942","subObjectId":"-1"},{"fields":[],"objectId":"13455943","subObjectId":"-1"},{"fields":[],"objectId":"13455944","subObjectId":"-1"},{"fields":[],"objectId":"13455993","subObjectId":"-1"},{"fields":[],"objectId":"13455994","subObjectId":"-1"},{"fields":[],"objectId":"13455995","subObjectId":"-1"},{"fields":[],"objectId":"13455996","subObjectId":"-1"},{"fields":[],"objectId":"13455997","subObjectId":"-1"},{"fields":[],"objectId":"13456003","subObjectId":"-1"},{"fields":[],"objectId":"13456004","subObjectId":"-1"},{"fields":[],"objectId":"13456005","subObjectId":"-1"},{"fields":[],"objectId":"13456006","subObjectId":"-1"},{"fields":[],"objectId":"13456007","subObjectId":"-1"},{"fields":[],"objectId":"13456137","subObjectId":"-1"},{"fields":[],"objectId":"13456137","subObjectId":"13456008"},{"fields":[],"objectId":"13456137","subObjectId":"13456010"},{"fields":[],"objectId":"13456137","subObjectId":"13456011"},{"fields":[],"objectId":"13456137","subObjectId":"13456012"},{"fields":[],"objectId":"13456137","subObjectId":"13456013"},{"fields":[],"objectId":"13456137","subObjectId":"13456014"},{"fields":[],"objectId":"13456137","subObjectId":"13456015"},{"fields":[],"objectId":"13456137","subObjectId":"13456016"},{"fields":[],"objectId":"13456137","subObjectId":"13456017"},{"fields":[],"objectId":"13456137","subObjectId":"13456018"},{"fields":[],"objectId":"13456137","subObjectId":"13456019"},{"fields":[],"objectId":"13456137","subObjectId":"13456020"},{"fields":[],"objectId":"13456137","subObjectId":"13456021"},{"fields":[],"objectId":"13456137","subObjectId":"13456022"},{"fields":[],"objectId":"13456137","subObjectId":"13456023"},{"fields":[],"objectId":"13456137","subObjectId":"13456024"},{"fields":[],"objectId":"13456137","subObjectId":"13456025"},{"fields":[],"objectId":"13456137","subObjectId":"13456026"},{"fields":[],"objectId":"13456137","subObjectId":"13456027"},{"fields":[],"objectId":"13456137","subObjectId":"13456028"},{"fields":[],"objectId":"13456137","subObjectId":"13456029"},{"fields":[],"objectId":"13456137","subObjectId":"13456030"},{"fields":[],"objectId":"13456137","subObjectId":"13456031"},{"fields":[],"objectId":"13456137","subObjectId":"13456032"},{"fields":[],"objectId":"13456137","subObjectId":"13456033"},{"fields":[],"objectId":"13456137","subObjectId":"13456034"},{"fields":[],"objectId":"13456137","subObjectId":"13456035"},{"fields":[],"objectId":"13456137","subObjectId":"13456036"},{"fields":[],"objectId":"13456137","subObjectId":"13456037"},{"fields":[],"objectId":"13456137","subObjectId":"13456038"},{"fields":[],"objectId":"13456137","subObjectId":"13456039"},{"fields":[],"objectId":"13456137","subObjectId":"13456040"},{"fields":[],"objectId":"13456137","subObjectId":"13456041"},{"fields":[],"objectId":"13456137","subObjectId":"13456042"},{"fields":[],"objectId":"13456137","subObjectId":"13456043"},{"fields":[],"objectId":"13456137","subObjectId":"13456044"},{"fields":[],"objectId":"13456137","subObjectId":"13456045"},{"fields":[],"objectId":"13456137","subObjectId":"13456046"},{"fields":[],"objectId":"13456137","subObjectId":"13456047"},{"fields":[],"objectId":"13456137","subObjectId":"13456048"},{"fields":[],"objectId":"13456137","subObjectId":"13456049"},{"fields":[],"objectId":"13456137","subObjectId":"13456050"},{"fields":[],"objectId":"13456137","subObjectId":"13456051"},{"fields":[],"objectId":"13456137","subObjectId":"13456052"},{"fields":[],"objectId":"13456137","subObjectId":"13456053"},{"fields":[],"objectId":"13456137","subObjectId":"13456054"},{"fields":[],"objectId":"13456137","subObjectId":"13456055"},{"fields":[],"objectId":"13456137","subObjectId":"13456056"},{"fields":[],"objectId":"13456137","subObjectId":"13456057"},{"fields":[],"objectId":"13456137","subObjectId":"13456058"},{"fields":[],"objectId":"13456137","subObjectId":"13456059"},{"fields":[],"objectId":"13456137","subObjectId":"13456060"},{"fields":[],"objectId":"13456137","subObjectId":"13456061"},{"fields":[],"objectId":"13456137","subObjectId":"13456062"},{"fields":[],"objectId":"13456137","subObjectId":"13456063"},{"fields":[],"objectId":"13456137","subObjectId":"13456064"},{"fields":[],"objectId":"13456137","subObjectId":"13456065"},{"fields":[],"objectId":"13456137","subObjectId":"13456066"},{"fields":[],"objectId":"13456137","subObjectId":"13456067"},{"fields":[],"objectId":"13456137","subObjectId":"13456068"},{"fields":[],"objectId":"13456137","subObjectId":"13456069"},{"fields":[],"objectId":"13456137","subObjectId":"13456070"},{"fields":[],"objectId":"13456137","subObjectId":"13456071"},{"fields":[],"objectId":"13456137","subObjectId":"13456072"},{"fields":[],"objectId":"13456137","subObjectId":"13456073"},{"fields":[],"objectId":"13456137","subObjectId":"13456074"},{"fields":[],"objectId":"13456137","subObjectId":"13456075"},{"fields":[],"objectId":"13456137","subObjectId":"13456076"},{"fields":[],"objectId":"13456137","subObjectId":"13456077"},{"fields":[],"objectId":"13456137","subObjectId":"13456078"},{"fields":[],"objectId":"13456137","subObjectId":"13456079"},{"fields":[],"objectId":"13456137","subObjectId":"13456080"},{"fields":[],"objectId":"13456137","subObjectId":"13456081"},{"fields":[],"objectId":"13456137","subObjectId":"13456082"},{"fields":[],"objectId":"13456137","subObjectId":"13456083"},{"fields":[],"objectId":"13456137","subObjectId":"13456084"},{"fields":[],"objectId":"13456137","subObjectId":"13456085"},{"fields":[],"objectId":"13456137","subObjectId":"13456086"},{"fields":[],"objectId":"13456137","subObjectId":"13456087"},{"fields":[],"objectId":"13456137","subObjectId":"13456088"},{"fields":[],"objectId":"13456137","subObjectId":"13456089"},{"fields":[],"objectId":"13456137","subObjectId":"13456090"},{"fields":[],"objectId":"13456137","subObjectId":"13456091"},{"fields":[],"objectId":"13456137","subObjectId":"13456092"},{"fields":[],"objectId":"13456137","subObjectId":"13456093"},{"fields":[],"objectId":"13456137","subObjectId":"13456094"},{"fields":[],"objectId":"13456137","subObjectId":"13456095"},{"fields":[],"objectId":"13456137","subObjectId":"13456096"},{"fields":[],"objectId":"13456137","subObjectId":"13456097"},{"fields":[],"objectId":"13456137","subObjectId":"13456098"},{"fields":[],"objectId":"13456137","subObjectId":"13456099"},{"fields":[],"objectId":"13456137","subObjectId":"13456100"},{"fields":[],"objectId":"13456137","subObjectId":"13456101"},{"fields":[],"objectId":"13456137","subObjectId":"13456102"},{"fields":[],"objectId":"13456137","subObjectId":"13456103"},{"fields":[],"objectId":"13456137","subObjectId":"13456104"},{"fields":[],"objectId":"13456137","subObjectId":"13456105"},{"fields":[],"objectId":"13456137","subObjectId":"13456106"},{"fields":[],"objectId":"13456137","subObjectId":"13456107"},{"fields":[],"objectId":"13456137","subObjectId":"13456108"},{"fields":[],"objectId":"13456137","subObjectId":"13456109"},{"fields":[],"objectId":"13456137","subObjectId":"13456110"},{"fields":[],"objectId":"13456137","subObjectId":"13456111"},{"fields":[],"objectId":"13456137","subObjectId":"13456112"},{"fields":[],"objectId":"13456137","subObjectId":"13456113"},{"fields":[],"objectId":"13456137","subObjectId":"13456114"},{"fields":[],"objectId":"13456137","subObjectId":"13456115"},{"fields":[],"objectId":"13456137","subObjectId":"13456116"},{"fields":[],"objectId":"13456137","subObjectId":"13456117"},{"fields":[],"objectId":"13456137","subObjectId":"13456118"},{"fields":[],"objectId":"13456137","subObjectId":"13456119"},{"fields":[],"objectId":"13456137","subObjectId":"13456120"},{"fields":[],"objectId":"13456137","subObjectId":"13456121"},{"fields":[],"objectId":"13456137","subObjectId":"13456122"},{"fields":[],"objectId":"13456137","subObjectId":"13456123"},{"fields":[],"objectId":"13456137","subObjectId":"13456124"},{"fields":[],"objectId":"13456137","subObjectId":"13456125"},{"fields":[],"objectId":"13456137","subObjectId":"13456126"},{"fields":[],"objectId":"13456137","subObjectId":"13456127"},{"fields":[],"objectId":"13456137","subObjectId":"13456128"},{"fields":[],"objectId":"13456137","subObjectId":"13456129"},{"fields":[],"objectId":"13456137","subObjectId":"13456130"},{"fields":[],"objectId":"13456137","subObjectId":"13456131"},{"fields":[],"objectId":"13456137","subObjectId":"13456132"},{"fields":[],"objectId":"13456137","subObjectId":"13456133"},{"fields":[],"objectId":"13456137","subObjectId":"13456134"},{"fields":[],"objectId":"13456137","subObjectId":"13456135"},{"fields":[],"objectId":"13456137","subObjectId":"13456136"},{"fields":[],"objectId":"13456137","subObjectId":"13456009"},{"fields":[],"objectId":"13456143","subObjectId":"-1"},{"fields":[],"objectId":"13456143","subObjectId":"13456139"},{"fields":[],"objectId":"13456143","subObjectId":"13456140"},{"fields":[],"objectId":"13456144","subObjectId":"-1"},{"fields":[],"objectId":"13456145","subObjectId":"-1"},{"fields":[],"objectId":"13456146","subObjectId":"-1"},{"fields":[],"objectId":"13456147","subObjectId":"-1"},{"fields":[],"objectId":"13456148","subObjectId":"-1"},{"fields":[],"objectId":"13456150","subObjectId":"-1"},{"fields":[],"objectId":"13456150","subObjectId":"13456141"},{"fields":[],"objectId":"13456150","subObjectId":"13456142"},{"fields":[],"objectId":"13456151","subObjectId":"-1"},{"fields":[],"objectId":"13456152","subObjectId":"-1"},{"fields":[],"objectId":"13456153","subObjectId":"-1"},{"fields":[],"objectId":"13456154","subObjectId":"-1"},{"fields":[],"objectId":"13456155","subObjectId":"-1"},{"fields":[],"objectId":"13456156","subObjectId":"-1"},{"fields":[],"objectId":"13456157","subObjectId":"-1"},{"fields":[],"objectId":"13456158","subObjectId":"-1"},{"fields":[],"objectId":"13456159","subObjectId":"-1"},{"fields":[],"objectId":"13456160","subObjectId":"-1"},{"fields":[],"objectId":"13456161","subObjectId":"-1"},{"fields":[],"objectId":"13456166","subObjectId":"-1"},{"fields":[],"objectId":"13456167","subObjectId":"-1"},{"fields":[],"objectId":"13456168","subObjectId":"-1"},{"fields":[],"objectId":"13456169","subObjectId":"-1"},{"fields":[],"objectId":"13456170","subObjectId":"-1"},{"fields":[],"objectId":"13456170","subObjectId":"13456162"},{"fields":[],"objectId":"13456170","subObjectId":"13456163"},{"fields":[],"objectId":"13456171","subObjectId":"-1"},{"fields":[],"objectId":"13456172","subObjectId":"-1"},{"fields":[],"objectId":"13456173","subObjectId":"-1"},{"fields":[],"objectId":"13456174","subObjectId":"-1"},{"fields":[],"objectId":"13456175","subObjectId":"-1"},{"fields":[],"objectId":"13456176","subObjectId":"-1"},{"fields":[],"objectId":"13456176","subObjectId":"13456164"},{"fields":[],"objectId":"13456176","subObjectId":"13456165"},{"fields":[],"objectId":"13456177","subObjectId":"-1"},{"fields":[],"objectId":"13456249","subObjectId":"-1"},{"fields":[],"objectId":"13456249","subObjectId":"13456178"},{"fields":[],"objectId":"13456249","subObjectId":"13456180"},{"fields":[],"objectId":"13456249","subObjectId":"13456181"},{"fields":[],"objectId":"13456249","subObjectId":"13456182"},{"fields":[],"objectId":"13456249","subObjectId":"13456183"},{"fields":[],"objectId":"13456249","subObjectId":"13456184"},{"fields":[],"objectId":"13456249","subObjectId":"13456185"},{"fields":[],"objectId":"13456249","subObjectId":"13456186"},{"fields":[],"objectId":"13456249","subObjectId":"13456187"},{"fields":[],"objectId":"13456249","subObjectId":"13456188"},{"fields":[],"objectId":"13456249","subObjectId":"13456189"},{"fields":[],"objectId":"13456249","subObjectId":"13456190"},{"fields":[],"objectId":"13456249","subObjectId":"13456191"},{"fields":[],"objectId":"13456249","subObjectId":"13456192"},{"fields":[],"objectId":"13456249","subObjectId":"13456193"},{"fields":[],"objectId":"13456249","subObjectId":"13456194"},{"fields":[],"objectId":"13456249","subObjectId":"13456195"},{"fields":[],"objectId":"13456249","subObjectId":"13456196"},{"fields":[],"objectId":"13456249","subObjectId":"13456197"},{"fields":[],"objectId":"13456249","subObjectId":"13456198"},{"fields":[],"objectId":"13456249","subObjectId":"13456199"},{"fields":[],"objectId":"13456249","subObjectId":"13456200"},{"fields":[],"objectId":"13456249","subObjectId":"13456201"},{"fields":[],"objectId":"13456249","subObjectId":"13456202"},{"fields":[],"objectId":"13456249","subObjectId":"13456203"},{"fields":[],"objectId":"13456249","subObjectId":"13456204"},{"fields":[],"objectId":"13456249","subObjectId":"13456205"},{"fields":[],"objectId":"13456249","subObjectId":"13456206"},{"fields":[],"objectId":"13456249","subObjectId":"13456207"},{"fields":[],"objectId":"13456249","subObjectId":"13456278"},{"fields":[],"objectId":"13456249","subObjectId":"13456208"},{"fields":[],"objectId":"13456249","subObjectId":"13456209"},{"fields":[],"objectId":"13456249","subObjectId":"13456210"},{"fields":[],"objectId":"13456249","subObjectId":"13456211"},{"fields":[],"objectId":"13456249","subObjectId":"13456212"},{"fields":[],"objectId":"13456249","subObjectId":"13456213"},{"fields":[],"objectId":"13456249","subObjectId":"13456214"},{"fields":[],"objectId":"13456249","subObjectId":"13456215"},{"fields":[],"objectId":"13456249","subObjectId":"13456216"},{"fields":[],"objectId":"13456249","subObjectId":"13456217"},{"fields":[],"objectId":"13456249","subObjectId":"13456218"},{"fields":[],"objectId":"13456249","subObjectId":"13456219"},{"fields":[],"objectId":"13456249","subObjectId":"13456220"},{"fields":[],"objectId":"13456249","subObjectId":"13456221"},{"fields":[],"objectId":"13456249","subObjectId":"13456222"},{"fields":[],"objectId":"13456249","subObjectId":"13456223"},{"fields":[],"objectId":"13456249","subObjectId":"13456224"},{"fields":[],"objectId":"13456249","subObjectId":"13456225"},{"fields":[],"objectId":"13456249","subObjectId":"13456226"},{"fields":[],"objectId":"13456249","subObjectId":"13456277"},{"fields":[],"objectId":"13456249","subObjectId":"13456227"},{"fields":[],"objectId":"13456249","subObjectId":"13456228"},{"fields":[],"objectId":"13456249","subObjectId":"13456229"},{"fields":[],"objectId":"13456249","subObjectId":"13456230"},{"fields":[],"objectId":"13456249","subObjectId":"13456231"},{"fields":[],"objectId":"13456249","subObjectId":"13456232"},{"fields":[],"objectId":"13456249","subObjectId":"13456233"},{"fields":[],"objectId":"13456249","subObjectId":"13456234"},{"fields":[],"objectId":"13456249","subObjectId":"13456235"},{"fields":[],"objectId":"13456249","subObjectId":"13456236"},{"fields":[],"objectId":"13456249","subObjectId":"13456237"},{"fields":[],"objectId":"13456249","subObjectId":"13456238"},{"fields":[],"objectId":"13456249","subObjectId":"13456239"},{"fields":[],"objectId":"13456249","subObjectId":"13456240"},{"fields":[],"objectId":"13456249","subObjectId":"13456241"},{"fields":[],"objectId":"13456249","subObjectId":"13456242"},{"fields":[],"objectId":"13456249","subObjectId":"13456243"},{"fields":[],"objectId":"13456249","subObjectId":"13456244"},{"fields":[],"objectId":"13456249","subObjectId":"13456245"},{"fields":[],"objectId":"13456249","subObjectId":"13456246"},{"fields":[],"objectId":"13456249","subObjectId":"13456247"},{"fields":[],"objectId":"13456249","subObjectId":"13456248"},{"fields":[],"objectId":"13456249","subObjectId":"13456179"}],"type":"FieldLabel"},{"rows":[{"fields":[],"objectId":"6352162","subObjectId":"-1"},{"fields":[],"objectId":"6352167","subObjectId":"-1"},{"fields":[],"objectId":"20","subObjectId":"-1"}],"type":"ViewName"},{"rows":[{"fields":[],"objectId":"6381431","subObjectId":"-1"}],"type":"ReportName"},{"rows":[],"type":"CategoryName"},{"rows":[{"fields":[],"objectId":"6352316","subObjectId":"-1"}],"type":"AppActionName"}]},"schema":{"groups":[],"revision":null,"subTable":{},"table":{"fieldList":{"6352132":{"id":"6352132","label":"レコード番号","properties":{"noLabel":"false","required":"true"},"type":"RECORD_ID","var":"レコード番号"},"6352133":{"id":"6352133","label":"更新者","properties":{"noLabel":"false","required":"true"},"type":"MODIFIER","var":"更新者"},"6352134":{"id":"6352134","label":"作成者","properties":{"noLabel":"false","required":"true"},"type":"CREATOR","var":"作成者"},"6352135":{"id":"6352135","label":"更新日時","properties":{"noLabel":"false","required":"true"},"type":"MODIFIED_AT","var":"更新日時"},"6352136":{"id":"6352136","label":"作成日時","properties":{"noLabel":"false","required":"true"},"type":"CREATED_AT","var":"作成日時"},"6352137":{"id":"6352137","label":"ステータス","properties":{"noLabel":"false","required":"false"},"type":"STATUS","var":"ステータス"},"6352138":{"id":"6352138","label":"作業者","properties":{"noLabel":"false","required":"false"},"type":"STATUS_ASSIGNEE","var":"作業者"},"6352139":{"id":"6352139","label":"カテゴリー","properties":{"noLabel":"false","required":"false"},"type":"CATEGORY","var":"カテゴリー"},"6352185":{"id":"6352185","label":"機種名","properties":{"defaultValue":"","expression":"","hideExpression":"false","max":null,"min":null,"noLabel":"false","required":"true","unique":"false"},"type":"SINGLE_LINE_TEXT","var":"文字列__1行_"},"13455824":{"id":"13455824","label":"生産日","properties":{"defaultExpression":"NOW","defaultValue":null,"noLabel":"false","required":"true","unique":"false"},"type":"DATE","var":"日付_3"},"13455825":{"id":"13455825","label":"予定台数","properties":{"defaultValue":null,"digit":"true","displayScale":null,"max":null,"min":null,"noLabel":"false","required":"true","roundingMode":null,"scale":null,"unique":"false","unit":"","unitPosition":"BEFORE"},"type":"DECIMAL","var":"予定台数"},"13455826":{"id":"13455826","label":"目標台数","properties":{"defaultValue":null,"digit":"true","displayScale":null,"max":null,"min":null,"noLabel":"false","required":"true","roundingMode":null,"scale":null,"unique":"false","unit":"","unitPosition":"BEFORE"},"type":"DECIMAL","var":"目標台数"},"13455827":{"id":"13455827","label":"実績台数","properties":{"defaultValue":null,"digit":"true","displayScale":null,"max":null,"min":null,"noLabel":"false","required":"true","roundingMode":null,"scale":null,"unique":"false","unit":"","unitPosition":"BEFORE"},"type":"DECIMAL","var":"実績台数"},"13455828":{"id":"13455828","label":"合計","properties":{"displayScale":null,"expression":"社内工数1*社内工数時間1","format":"NUMBER_DIGIT","hideExpression":"false","noLabel":"false","required":"false","roundingMode":null,"scale":null,"unit":"h","unitPosition":"AFTER"},"type":"CALC","var":"社内工数合計1"},"13455829":{"id":"13455829","label":"■社内工数","properties":{"defaultValue":null,"digit":"false","displayScale":null,"max":null,"min":null,"noLabel":"false","required":"false","roundingMode":null,"scale":null,"unique":"false","unit":"名","unitPosition":"AFTER"},"type":"DECIMAL","var":"社内工数1"},"13455830":{"id":"13455830","label":"社内工数時間","properties":{"defaultValue":null,"digit":"false","displayScale":null,"max":null,"min":null,"noLabel":"false","required":"false","roundingMode":null,"scale":null,"unique":"false","unit":"h","unitPosition":"AFTER"},"type":"DECIMAL","var":"社内工数時間1"},"13455831":{"id":"13455831","label":"◆社外工数","properties":{"defaultValue":null,"digit":"false","displayScale":null,"max":null,"min":null,"noLabel":"false","required":"false","roundingMode":null,"scale":null,"unique":"false","unit":"名","unitPosition":"AFTER"},"type":"DECIMAL","var":"社外工数"},"13455832":{"id":"13455832","label":"社外工数時間","properties":{"defaultValue":null,"digit":"false","displayScale":null,"max":null,"min":null,"noLabel":"false","required":"false","roundingMode":null,"scale":null,"unique":"false","unit":"h","unitPosition":"AFTER"},"type":"DECIMAL","var":"社外工数時間"},"13455833":{"id":"13455833","label":"合計","properties":{"displayScale":null,"expression":"社外工数*社外工数時間","format":"NUMBER_DIGIT","hideExpression":"false","noLabel":"false","required":"false","roundingMode":null,"scale":null,"unit":"h","unitPosition":"AFTER"},"type":"CALC","var":"社外工数合計"},"13455834":{"id":"13455834","label":"社内残業工数時間","properties":{"defaultValue":null,"digit":"false","displayScale":null,"max":null,"min":null,"noLabel":"false","required":"false","roundingMode":null,"scale":null,"unique":"false","unit":"h","unitPosition":"AFTER"},"type":"DECIMAL","var":"社内残業工数時間"},"13455835":{"id":"13455835","label":"□社内残業工数","properties":{"defaultValue":null,"digit":"false","displayScale":null,"max":null,"min":null,"noLabel":"false","required":"false","roundingMode":null,"scale":null,"unique":"false","unit":"名","unitPosition":"AFTER"},"type":"DECIMAL","var":"社内残業工数"},"13455836":{"id":"13455836","label":"合計","properties":{"displayScale":null,"expression":"社内残業工数*社内残業工数時間","format":"NUMBER_DIGIT","hideExpression":"false","noLabel":"false","required":"false","roundingMode":null,"scale":null,"unit":"h","unitPosition":"AFTER"},"type":"CALC","var":"社内残業工数合計"},"13455837":{"id":"13455837","label":"◇社外残業工数","properties":{"defaultValue":null,"digit":"false","displayScale":null,"max":null,"min":null,"noLabel":"false","required":"false","roundingMode":null,"scale":null,"unique":"false","unit":"名","unitPosition":"AFTER"},"type":"DECIMAL","var":"社外残業工数"},"13455838":{"id":"13455838","label":"社外残業工数時間","properties":{"defaultValue":null,"digit":"false","displayScale":null,"max":null,"min":null,"noLabel":"false","required":"false","roundingMode":null,"scale":null,"unique":"false","unit":"h","unitPosition":"AFTER"},"type":"DECIMAL","var":"社外残業工数時間"},"13455839":{"id":"13455839","label":"合計","properties":{"displayScale":null,"expression":"社外残業工数*社外残業工数時間","format":"NUMBER_DIGIT","hideExpression":"false","noLabel":"false","required":"false","roundingMode":null,"scale":null,"unit":"h","unitPosition":"AFTER"},"type":"CALC","var":"社外残業工数合計"},"13455840":{"id":"13455840","label":"生産性","properties":{"displayScale":null,"expression":"実績台数/予定台数*100","format":"NUMBER","hideExpression":"false","noLabel":"false","required":"false","roundingMode":null,"scale":null,"unit":"％","unitPosition":"AFTER"},"type":"CALC","var":"生産性"},"13455841":{"id":"13455841","label":"実績未達原因","properties":{"defaultValue":"【工程名】\n\n\n【原因】\n\n","noLabel":"false","required":"false"},"type":"MULTIPLE_LINE_TEXT","var":"文字列__複数行_"},"13455842":{"id":"13455842","label":"改善内容","properties":{"defaultValue":"【改善内容】\n\n\n【効果】\n\n","noLabel":"true","required":"false"},"type":"MULTIPLE_LINE_TEXT","var":"文字列__複数行__0"},"13455843":{"id":"13455843","label":"4M変化点と注意点","properties":{"defaultValue":"【4M変化点】\n\n\n【注意点】\n\n","noLabel":"true","required":"false"},"type":"MULTIPLE_LINE_TEXT","var":"文字列__複数行__1"},"13455887":{"id":"13455887","label":"カスタマー名","properties":{"defaultValue":null,"noLabel":"false","options":[{"id":"13455845","label":"ソニーグローバルM&O(株)","valid":true},{"id":"13455848","label":"パナソニックオートモーティブシステムズ株式会社","valid":true},{"id":"13455849","label":"大崎電気工業　株式会社","valid":true},{"id":"13455850","label":"センチュリー・システムズ  株式会社","valid":true},{"id":"13455851","label":"APRESIA Systems　株式会社","valid":true},{"id":"13455852","label":"株式会社　FUJI","valid":true},{"id":"13455853","label":"伯東　株式会社","valid":true},{"id":"13455854","label":"セイコーソリューションズ　株式会社","valid":true},{"id":"13455855","label":"積水LBテック　株式会社","valid":true},{"id":"13455856","label":"ヤーマン　株式会社","valid":true},{"id":"13455857","label":"テルモ　株式会社","valid":true},{"id":"13455858","label":"ペナント(株)　市光工業","valid":true},{"id":"13455859","label":"安全自動車  株式会社","valid":true},{"id":"13455860","label":"日本光電工業　株式会社","valid":true},{"id":"13455861","label":"東京電気技術工業　株式会社","valid":true},{"id":"13455862","label":"オプテックス  株式会社","valid":true},{"id":"13455863","label":"ペナント(株)　クラリオン","valid":true},{"id":"13455864","label":"ペナント(株)　バイオシルバー","valid":true},{"id":"13455865","label":"IDEC　AUTO-ID SOLUTIONS 株式会社","valid":true},{"id":"13455866","label":"一般特先（サクサテクノ）","valid":true},{"id":"13455867","label":"ペナント　株式会社","valid":true},{"id":"13455868","label":"槌屋ヤック  株式会社","valid":true},{"id":"13455869","label":"株式会社  東海理化クリエイト","valid":true},{"id":"13455870","label":"株式会社　北電子","valid":true},{"id":"13455871","label":"セイコー・イージー・アンドジー株式会社","valid":true},{"id":"13455872","label":"加賀マイクロソリューション　株式会社","valid":true},{"id":"13455873","label":"一般特先（パルテック）","valid":true},{"id":"13455874","label":"兼松フューチャーテックソリューションズ　株式会社","valid":true},{"id":"13455875","label":"株式会社　モフィリア","valid":true},{"id":"13455876","label":"アイホン　株式会社","valid":true},{"id":"13455877","label":"住友理工　株式会社","valid":true},{"id":"13455878","label":"トーカドエナジー　株式会社","valid":true},{"id":"13455879","label":"東海電子　株式会社","valid":true},{"id":"13455880","label":"新光商事　株式会社","valid":true},{"id":"13455881","label":"技研トラステム　株式会社","valid":true},{"id":"13455882","label":"株式会社　光電製作所","valid":true},{"id":"13455883","label":"株式会社  ファルテック","valid":true},{"id":"13455884","label":"株式会社  ストレージ・ビジョン","valid":true},{"id":"13455885","label":"加賀電子　株式会社","valid":true},{"id":"13455886","label":"センスシングスジャパン　株式会社","valid":true},{"id":"13455847","label":"シークス　株式会社","valid":true},{"id":"13455846","label":"スクリブルデザイン　株式会社","valid":true}],"required":"true"},"type":"SINGLE_SELECT","var":"ドロップダウン"},"13455890":{"id":"13455890","label":"品質状況","properties":{"defaultValue":"【品質状況】","noLabel":"true","required":"false"},"type":"MULTIPLE_LINE_TEXT","var":"文字列__複数行__2"},"13455891":{"id":"13455891","label":"品質アラーム","properties":{"defaultValue":null,"noLabel":"false","options":[{"id":"13455888","label":"有り","valid":true},{"id":"13455889","label":"無し","valid":true}],"required":"true"},"type":"SINGLE_SELECT","var":"ドロップダウン_0"},"13455893":{"id":"13455893","label":"不良名","properties":{"defaultValue":"","expression":"","hideExpression":"false","max":null,"min":null,"noLabel":"false","required":"false","unique":"false"},"type":"SINGLE_LINE_TEXT","var":"文字列__1行__1"},"13455897":{"id":"13455897","label":"件数","properties":{"defaultValue":null,"digit":"false","displayScale":null,"max":null,"min":null,"noLabel":"false","required":"false","roundingMode":null,"scale":null,"unique":"false","unit":"件","unitPosition":"AFTER"},"type":"DECIMAL","var":"数値"},"13455898":{"id":"13455898","label":"不良名","properties":{"defaultValue":"","expression":"","hideExpression":"false","max":null,"min":null,"noLabel":"false","required":"false","unique":"false"},"type":"SINGLE_LINE_TEXT","var":"文字列__1行__2"},"13455899":{"id":"13455899","label":"件数","properties":{"defaultValue":null,"digit":"false","displayScale":null,"max":null,"min":null,"noLabel":"false","required":"false","roundingMode":null,"scale":null,"unique":"false","unit":"件","unitPosition":"AFTER"},"type":"DECIMAL","var":"数値_0"},"13455900":{"id":"13455900","label":"不良名","properties":{"defaultValue":"","expression":"","hideExpression":"false","max":null,"min":null,"noLabel":"false","required":"false","unique":"false"},"type":"SINGLE_LINE_TEXT","var":"文字列__1行__3"},"13455901":{"id":"13455901","label":"件数","properties":{"defaultValue":null,"digit":"false","displayScale":null,"max":null,"min":null,"noLabel":"false","required":"false","roundingMode":null,"scale":null,"unique":"false","unit":"件","unitPosition":"AFTER"},"type":"DECIMAL","var":"数値_12"},"13455902":{"id":"13455902","label":"波及性","properties":{"defaultValue":null,"noLabel":"false","options":[{"id":"13455895","label":"有り","valid":true},{"id":"13455896","label":"無し","valid":true}],"required":"false"},"type":"SINGLE_SELECT","var":"ドロップダウン_1"},"13455903":{"id":"13455903","label":"理由(他の生産品は問題ないか)","properties":{"defaultValue":"","expression":"","hideExpression":"false","max":null,"min":null,"noLabel":"false","required":"false","unique":"false"},"type":"SINGLE_LINE_TEXT","var":"文字列__1行__4"},"13455941":{"id":"13455941","label":"原因","properties":{"defaultValue":"","noLabel":"false","required":"false"},"type":"MULTIPLE_LINE_TEXT","var":"原因"},"13455942":{"id":"13455942","label":"対策","properties":{"defaultValue":"","noLabel":"false","required":"false"},"type":"MULTIPLE_LINE_TEXT","var":"対策"},"13455943":{"id":"13455943","label":"作業標準書との不一致","properties":{"defaultValue":"","noLabel":"false","required":"false"},"type":"MULTIPLE_LINE_TEXT","var":"文字列__複数行__5"},"13455944":{"id":"13455944","label":"その他","properties":{"defaultValue":"","noLabel":"false","required":"false"},"type":"MULTIPLE_LINE_TEXT","var":"文字列__複数行__6"},"13455993":{"id":"13455993","label":"備考","properties":{"defaultValue":"","expression":"","hideExpression":"false","max":null,"min":null,"noLabel":"false","required":"false","unique":"false"},"type":"SINGLE_LINE_TEXT","var":"文字列__1行__0"},"13455994":{"id":"13455994","label":"備考","properties":{"defaultValue":"","expression":"","hideExpression":"false","max":null,"min":null,"noLabel":"false","required":"false","unique":"false"},"type":"SINGLE_LINE_TEXT","var":"文字列__1行__5"},"13455995":{"id":"13455995","label":"備考","properties":{"defaultValue":"","expression":"","hideExpression":"false","max":null,"min":null,"noLabel":"false","required":"false","unique":"false"},"type":"SINGLE_LINE_TEXT","var":"文字列__1行__6"},"13455996":{"id":"13455996","label":"備考","properties":{"defaultValue":"","expression":"","hideExpression":"false","max":null,"min":null,"noLabel":"false","required":"false","unique":"false"},"type":"SINGLE_LINE_TEXT","var":"文字列__1行__7"},"13455997":{"id":"13455997","label":"備考","properties":{"defaultValue":"","expression":"","hideExpression":"false","max":null,"min":null,"noLabel":"false","required":"false","unique":"false"},"type":"SINGLE_LINE_TEXT","var":"文字列__1行__8"},"13456003":{"id":"13456003","label":"経費合計","properties":{"displayScale":null,"expression":"社内工数経費1_0\u002B社内残業工数経費\u002B社外工数経費\u002B社外残業工数経費\u002B社内工数経費2_0\u002B社内工数経費3","format":"NUMBER_DIGIT","hideExpression":"false","noLabel":"false","required":"false","roundingMode":null,"scale":null,"unit":"\\","unitPosition":"BEFORE"},"type":"CALC","var":"経費合計"},"13456004":{"id":"13456004","label":"社内工数経費","properties":{"displayScale":null,"expression":"社内工数合計1*1064","format":"NUMBER_DIGIT","hideExpression":"false","noLabel":"false","required":"false","roundingMode":null,"scale":null,"unit":"\\","unitPosition":"BEFORE"},"type":"CALC","var":"社内工数経費1_0"},"13456005":{"id":"13456005","label":"社内残業工数経費","properties":{"displayScale":null,"expression":"社内残業工数合計*1330","format":"NUMBER_DIGIT","hideExpression":"false","noLabel":"false","required":"false","roundingMode":null,"scale":null,"unit":"\\","unitPosition":"BEFORE"},"type":"CALC","var":"社内残業工数経費"},"13456006":{"id":"13456006","label":"社外工数経費","properties":{"displayScale":null,"expression":"社外工数合計*1800","format":"NUMBER_DIGIT","hideExpression":"false","noLabel":"false","required":"false","roundingMode":null,"scale":null,"unit":"\\","unitPosition":"BEFORE"},"type":"CALC","var":"社外工数経費"},"13456007":{"id":"13456007","label":"社外残業工数経費","properties":{"displayScale":null,"expression":"社内残業工数合計*2250","format":"NUMBER_DIGIT","hideExpression":"false","noLabel":"false","required":"false","roundingMode":null,"scale":null,"unit":"\\","unitPosition":"BEFORE"},"type":"CALC","var":"社外残業工数経費"},"13456137":{"id":"13456137","label":"担当名","properties":{"defaultValue":null,"noLabel":"false","options":[{"id":"13456008","label":"本田　伸幸","valid":true},{"id":"13456010","label":"鎌田　洋","valid":true},{"id":"13456011","label":"最上　浩治","valid":true},{"id":"13456012","label":"鈴木　りい子","valid":true},{"id":"13456013","label":"高橋　仁子","valid":true},{"id":"13456014","label":"伊勢　いずみ","valid":true},{"id":"13456015","label":"熊谷　千代春","valid":true},{"id":"13456016","label":"佐々木　みよ子","valid":true},{"id":"13456017","label":"畠山　紀子","valid":true},{"id":"13456018","label":"加藤　京子","valid":true},{"id":"13456019","label":"今野　栄子","valid":true},{"id":"13456020","label":"千葉　恵美","valid":true},{"id":"13456021","label":"熊谷　千恵子","valid":true},{"id":"13456022","label":"藤島　まゆみ","valid":true},{"id":"13456023","label":"三浦　あい子","valid":true},{"id":"13456024","label":"堀籠　初枝","valid":true},{"id":"13456025","label":"中川　美佳","valid":true},{"id":"13456026","label":"後藤　浩美","valid":true},{"id":"13456027","label":"藤堂　ひろえ","valid":true},{"id":"13456028","label":"米川　淳子","valid":true},{"id":"13456029","label":"今野　美和子","valid":true},{"id":"13456030","label":"早坂　千恵","valid":true},{"id":"13456031","label":"高橋　祥子","valid":true},{"id":"13456032","label":"我孫子　千枝美","valid":true},{"id":"13456033","label":"石川　尚美","valid":true},{"id":"13456034","label":"鈴木　幸江","valid":true},{"id":"13456035","label":"青沼　豊子","valid":true},{"id":"13456036","label":"早坂　匡毅","valid":true},{"id":"13456037","label":"木村　栄美","valid":true},{"id":"13456038","label":"永山　藤枝","valid":true},{"id":"13456039","label":"澁谷　友子","valid":true},{"id":"13456040","label":"工藤　治江","valid":true},{"id":"13456041","label":"高橋　真由美","valid":true},{"id":"13456042","label":"鹿野　寛寿","valid":true},{"id":"13456043","label":"浅野　和美","valid":true},{"id":"13456044","label":"佐々木　弘恵","valid":true},{"id":"13456045","label":"三浦　久美","valid":true},{"id":"13456046","label":"古池　浩美","valid":true},{"id":"13456047","label":"門脇　美和","valid":true},{"id":"13456048","label":"今野　弥生","valid":true},{"id":"13456049","label":"遠藤　真由美","valid":true},{"id":"13456050","label":"吉田　まゆみ","valid":true},{"id":"13456051","label":"加藤　真紀子","valid":true},{"id":"13456052","label":"佐藤　拓美","valid":true},{"id":"13456053","label":"小野　美智代","valid":true},{"id":"13456054","label":"高橋　由香","valid":true},{"id":"13456055","label":"佐々木　智恵子","valid":true},{"id":"13456056","label":"遠山　幸子","valid":true},{"id":"13456057","label":"鎌田　陽子","valid":true},{"id":"13456058","label":"板垣　すしえ","valid":true},{"id":"13456059","label":"門脇　みのり","valid":true},{"id":"13456060","label":"三浦　恵美","valid":true},{"id":"13456061","label":"豊倉　祐子","valid":true},{"id":"13456062","label":"菅原　広子","valid":true},{"id":"13456063","label":"澁谷　則子","valid":true},{"id":"13456064","label":"工藤　順子","valid":true},{"id":"13456065","label":"大友　美香","valid":true},{"id":"13456066","label":"早坂　美恵","valid":true},{"id":"13456067","label":"遊佐　かおり","valid":true},{"id":"13456068","label":"本田　優子","valid":true},{"id":"13456069","label":"佐藤　真里子","valid":true},{"id":"13456070","label":"武田　理恵子","valid":true},{"id":"13456071","label":"大和田　直美","valid":true},{"id":"13456072","label":"嶋津　礼子","valid":true},{"id":"13456073","label":"齋藤　恵利","valid":true},{"id":"13456074","label":"二瓶　光代","valid":true},{"id":"13456075","label":"板垣　美穂","valid":true},{"id":"13456076","label":"菅野　雪絵","valid":true},{"id":"13456077","label":"佐々木　志乃","valid":true},{"id":"13456078","label":"岸川　ゆかり","valid":true},{"id":"13456079","label":"林　香織","valid":true},{"id":"13456080","label":"佐藤　はなえ","valid":true},{"id":"13456081","label":"千葉　ゆかり","valid":true},{"id":"13456082","label":"早坂　ゆり","valid":true},{"id":"13456083","label":"桝澤　真由美","valid":true},{"id":"13456084","label":"浅野　由理","valid":true},{"id":"13456085","label":"堀越　由美","valid":true},{"id":"13456086","label":"遠藤　幸子","valid":true},{"id":"13456087","label":"板垣　憲代","valid":true},{"id":"13456088","label":"及川　桜","valid":true},{"id":"13456089","label":"小椋　由美","valid":true},{"id":"13456090","label":"鈴木　優子","valid":true},{"id":"13456091","label":"曽根　瞳","valid":true},{"id":"13456092","label":"後藤　誉子","valid":true},{"id":"13456093","label":"伊藤　美希","valid":true},{"id":"13456094","label":"後藤　俊孝","valid":true},{"id":"13456095","label":"鷺谷　あゆみ","valid":true},{"id":"13456096","label":"菅原　道子","valid":true},{"id":"13456097","label":"高橋　優月","valid":true},{"id":"13456098","label":"柳川　咲恵","valid":true},{"id":"13456099","label":"佐々木　ますみ","valid":true},{"id":"13456100","label":"千葉　文彦","valid":true},{"id":"13456101","label":"三浦　政明","valid":true},{"id":"13456102","label":"宍戸　美千江","valid":true},{"id":"13456103","label":"鎌田　叔子","valid":true},{"id":"13456104","label":"柳澤　洋子","valid":true},{"id":"13456105","label":"小川　俊","valid":true},{"id":"13456106","label":"藤本　昌達","valid":true},{"id":"13456107","label":"一條　ゆきえ","valid":true},{"id":"13456108","label":"加賀谷　幸恵","valid":true},{"id":"13456109","label":"阿部　加代子","valid":true},{"id":"13456110","label":"鎌田　房義","valid":true},{"id":"13456111","label":"早坂　富和","valid":true},{"id":"13456112","label":"佐藤　雅也","valid":true},{"id":"13456113","label":"岡本　仁","valid":true},{"id":"13456114","label":"尾形　吉博","valid":true},{"id":"13456115","label":"佐々木　まゆみ","valid":true},{"id":"13456116","label":"伊藤　まゆみ","valid":true},{"id":"13456117","label":"阿部　謙治","valid":true},{"id":"13456118","label":"軽石　るみ","valid":true},{"id":"13456119","label":"佐々木　真也","valid":true},{"id":"13456120","label":"小野　真美","valid":true},{"id":"13456121","label":"針生　博史","valid":true},{"id":"13456122","label":"吉田　健太郎","valid":true},{"id":"13456123","label":"遠藤　健一","valid":true},{"id":"13456124","label":"八木　一郎","valid":true},{"id":"13456125","label":"荒井　大介","valid":true},{"id":"13456126","label":"熊谷　拓也","valid":true},{"id":"13456127","label":"菅原　史哉","valid":true},{"id":"13456128","label":"佐藤　徳明","valid":true},{"id":"13456129","label":"加藤　芳美","valid":true},{"id":"13456130","label":"佐々木　雄一","valid":true},{"id":"13456131","label":"手島　茂樹","valid":true},{"id":"13456132","label":"鈴木　典男","valid":true},{"id":"13456133","label":"千葉　あゆみ","valid":true},{"id":"13456134","label":"一條　歩","valid":true},{"id":"13456135","label":"加藤　淳","valid":true},{"id":"13456136","label":"芦立　賢治","valid":true},{"id":"13456009","label":"sample2","valid":true}],"required":"true"},"type":"SINGLE_SELECT","var":"担当名"},"13456143":{"id":"13456143","label":"波及性","properties":{"defaultValue":null,"noLabel":"false","options":[{"id":"13456139","label":"有り","valid":true},{"id":"13456140","label":"無し","valid":true}],"required":"false"},"type":"SINGLE_SELECT","var":"ドロップダウン_2"},"13456144":{"id":"13456144","label":"理由(他の生産品は問題ないか)","properties":{"defaultValue":"","expression":"","hideExpression":"false","max":null,"min":null,"noLabel":"false","required":"false","unique":"false"},"type":"SINGLE_LINE_TEXT","var":"文字列__1行__9"},"13456145":{"id":"13456145","label":"原因","properties":{"defaultValue":"","noLabel":"false","required":"false"},"type":"MULTIPLE_LINE_TEXT","var":"原因_0"},"13456146":{"id":"13456146","label":"対策","properties":{"defaultValue":"","noLabel":"false","required":"false"},"type":"MULTIPLE_LINE_TEXT","var":"対策_0"},"13456147":{"id":"13456147","label":"原因","properties":{"defaultValue":"","noLabel":"false","required":"false"},"type":"MULTIPLE_LINE_TEXT","var":"原因_1"},"13456148":{"id":"13456148","label":"対策","properties":{"defaultValue":"","noLabel":"false","required":"false"},"type":"MULTIPLE_LINE_TEXT","var":"対策_1"},"13456150":{"id":"13456150","label":"波及性","properties":{"defaultValue":null,"noLabel":"false","options":[{"id":"13456141","label":"有り","valid":true},{"id":"13456142","label":"無し","valid":true}],"required":"false"},"type":"SINGLE_SELECT","var":"ドロップダウン_3"},"13456151":{"id":"13456151","label":"理由(他の生産品は問題ないか)","properties":{"defaultValue":"","expression":"","hideExpression":"false","max":null,"min":null,"noLabel":"false","required":"false","unique":"false"},"type":"SINGLE_LINE_TEXT","var":"文字列__1行__11"},"13456152":{"id":"13456152","label":"■社内工数","properties":{"defaultValue":null,"digit":"false","displayScale":null,"max":null,"min":null,"noLabel":"false","required":"false","roundingMode":null,"scale":null,"unique":"false","unit":"名","unitPosition":"AFTER"},"type":"DECIMAL","var":"社内工数2"},"13456153":{"id":"13456153","label":"社内工数時間","properties":{"defaultValue":null,"digit":"false","displayScale":null,"max":null,"min":null,"noLabel":"false","required":"false","roundingMode":null,"scale":null,"unique":"false","unit":"h","unitPosition":"AFTER"},"type":"DECIMAL","var":"社内工数時間2"},"13456154":{"id":"13456154","label":"合計","properties":{"displayScale":null,"expression":"社内工数2*社内工数時間2","format":"NUMBER_DIGIT","hideExpression":"false","noLabel":"false","required":"false","roundingMode":null,"scale":null,"unit":"h","unitPosition":"AFTER"},"type":"CALC","var":"社内工数合計2"},"13456155":{"id":"13456155","label":"社内工数経費","properties":{"displayScale":null,"expression":"社内工数合計2*1064","format":"NUMBER_DIGIT","hideExpression":"false","noLabel":"false","required":"false","roundingMode":null,"scale":null,"unit":"\\","unitPosition":"BEFORE"},"type":"CALC","var":"社内工数経費2_0"},"13456156":{"id":"13456156","label":"備考","properties":{"defaultValue":"","expression":"","hideExpression":"false","max":null,"min":null,"noLabel":"false","required":"false","unique":"false"},"type":"SINGLE_LINE_TEXT","var":"文字列__1行__10"},"13456157":{"id":"13456157","label":"■社内工数","properties":{"defaultValue":null,"digit":"false","displayScale":null,"max":null,"min":null,"noLabel":"false","required":"false","roundingMode":null,"scale":null,"unique":"false","unit":"名","unitPosition":"AFTER"},"type":"DECIMAL","var":"社内工数3"},"13456158":{"id":"13456158","label":"社内工数時間","properties":{"defaultValue":null,"digit":"false","displayScale":null,"max":null,"min":null,"noLabel":"false","required":"false","roundingMode":null,"scale":null,"unique":"false","unit":"h","unitPosition":"AFTER"},"type":"DECIMAL","var":"社内工数時間3"},"13456159":{"id":"13456159","label":"合計","properties":{"displayScale":null,"expression":"社内工数3*社内工数時間3","format":"NUMBER_DIGIT","hideExpression":"false","noLabel":"false","required":"false","roundingMode":null,"scale":null,"unit":"h","unitPosition":"AFTER"},"type":"CALC","var":"社内工数合計3"},"13456160":{"id":"13456160","label":"社内工数経費","properties":{"displayScale":null,"expression":"社内工数合計3*1064","format":"NUMBER_DIGIT","hideExpression":"false","noLabel":"false","required":"false","roundingMode":null,"scale":null,"unit":"\\","unitPosition":"BEFORE"},"type":"CALC","var":"社内工数経費3"},"13456161":{"id":"13456161","label":"備考","properties":{"defaultValue":"","expression":"","hideExpression":"false","max":null,"min":null,"noLabel":"false","required":"false","unique":"false"},"type":"SINGLE_LINE_TEXT","var":"文字列__1行__12"},"13456166":{"id":"13456166","label":"不良名","properties":{"defaultValue":"","expression":"","hideExpression":"false","max":null,"min":null,"noLabel":"false","required":"false","unique":"false"},"type":"SINGLE_LINE_TEXT","var":"文字列__1行__13"},"13456167":{"id":"13456167","label":"件数","properties":{"defaultValue":null,"digit":"false","displayScale":null,"max":null,"min":null,"noLabel":"false","required":"false","roundingMode":null,"scale":null,"unique":"false","unit":"件","unitPosition":"AFTER"},"type":"DECIMAL","var":"数値_1"},"13456168":{"id":"13456168","label":"原因","properties":{"defaultValue":"","noLabel":"false","required":"false"},"type":"MULTIPLE_LINE_TEXT","var":"原因_2"},"13456169":{"id":"13456169","label":"対策","properties":{"defaultValue":"","noLabel":"false","required":"false"},"type":"MULTIPLE_LINE_TEXT","var":"対策_2"},"13456170":{"id":"13456170","label":"波及性","properties":{"defaultValue":null,"noLabel":"false","options":[{"id":"13456162","label":"有り","valid":true},{"id":"13456163","label":"無し","valid":true}],"required":"false"},"type":"SINGLE_SELECT","var":"ドロップダウン_4"},"13456171":{"id":"13456171","label":"理由(他の生産品は問題ないか)","properties":{"defaultValue":"","expression":"","hideExpression":"false","max":null,"min":null,"noLabel":"false","required":"false","unique":"false"},"type":"SINGLE_LINE_TEXT","var":"文字列__1行__14"},"13456172":{"id":"13456172","label":"不良名","properties":{"defaultValue":"","expression":"","hideExpression":"false","max":null,"min":null,"noLabel":"false","required":"false","unique":"false"},"type":"SINGLE_LINE_TEXT","var":"文字列__1行__15"},"13456173":{"id":"13456173","label":"件数","properties":{"defaultValue":null,"digit":"false","displayScale":null,"max":null,"min":null,"noLabel":"false","required":"false","roundingMode":null,"scale":null,"unique":"false","unit":"件","unitPosition":"AFTER"},"type":"DECIMAL","var":"数値_2"},"13456174":{"id":"13456174","label":"原因","properties":{"defaultValue":"","noLabel":"false","required":"false"},"type":"MULTIPLE_LINE_TEXT","var":"原因_3"},"13456175":{"id":"13456175","label":"対策","properties":{"defaultValue":"","noLabel":"false","required":"false"},"type":"MULTIPLE_LINE_TEXT","var":"対策_3"},"13456176":{"id":"13456176","label":"波及性","properties":{"defaultValue":null,"noLabel":"false","options":[{"id":"13456164","label":"有り","valid":true},{"id":"13456165","label":"無し","valid":true}],"required":"false"},"type":"SINGLE_SELECT","var":"ドロップダウン_5"},"13456177":{"id":"13456177","label":"理由(他の生産品は問題ないか)","properties":{"defaultValue":"","expression":"","hideExpression":"false","max":null,"min":null,"noLabel":"false","required":"false","unique":"false"},"type":"SINGLE_LINE_TEXT","var":"文字列__1行__16"},"13456249":{"id":"13456249","label":"ライン名","properties":{"defaultValue":null,"noLabel":"false","options":[{"id":"13456178","label":"A01","valid":true},{"id":"13456180","label":"A03","valid":true},{"id":"13456181","label":"A05","valid":true},{"id":"13456182","label":"A06","valid":true},{"id":"13456183","label":"A08","valid":true},{"id":"13456184","label":"A09","valid":true},{"id":"13456185","label":"A10","valid":true},{"id":"13456186","label":"A12","valid":true},{"id":"13456187","label":"A13","valid":true},{"id":"13456188","label":"A14","valid":true},{"id":"13456189","label":"A15","valid":true},{"id":"13456190","label":"A18","valid":true},{"id":"13456191","label":"A23","valid":true},{"id":"13456192","label":"A24","valid":true},{"id":"13456193","label":"A25","valid":true},{"id":"13456194","label":"A26","valid":true},{"id":"13456195","label":"A27","valid":true},{"id":"13456196","label":"A28","valid":true},{"id":"13456197","label":"A29","valid":true},{"id":"13456198","label":"A30","valid":true},{"id":"13456199","label":"A32","valid":true},{"id":"13456200","label":"A33","valid":true},{"id":"13456201","label":"A34","valid":true},{"id":"13456202","label":"A35","valid":true},{"id":"13456203","label":"A36","valid":true},{"id":"13456204","label":"A37","valid":true},{"id":"13456205","label":"A38","valid":true},{"id":"13456206","label":"A39","valid":true},{"id":"13456207","label":"AT11","valid":true},{"id":"13456278","label":"AT36","valid":true},{"id":"13456208","label":"B01","valid":true},{"id":"13456209","label":"B02","valid":true},{"id":"13456210","label":"B03","valid":true},{"id":"13456211","label":"B04","valid":true},{"id":"13456212","label":"B05","valid":true},{"id":"13456213","label":"B06","valid":true},{"id":"13456214","label":"B07","valid":true},{"id":"13456215","label":"B08","valid":true},{"id":"13456216","label":"B09","valid":true},{"id":"13456217","label":"B10","valid":true},{"id":"13456218","label":"B11","valid":true},{"id":"13456219","label":"B12","valid":true},{"id":"13456220","label":"B13","valid":true},{"id":"13456221","label":"B14","valid":true},{"id":"13456222","label":"M01","valid":true},{"id":"13456223","label":"M02","valid":true},{"id":"13456224","label":"M03","valid":true},{"id":"13456225","label":"M04","valid":true},{"id":"13456226","label":"M07","valid":true},{"id":"13456277","label":"M08","valid":true},{"id":"13456227","label":"M09","valid":true},{"id":"13456228","label":"M10","valid":true},{"id":"13456229","label":"M12","valid":true},{"id":"13456230","label":"M13","valid":true},{"id":"13456231","label":"M14","valid":true},{"id":"13456232","label":"M15","valid":true},{"id":"13456233","label":"M16","valid":true},{"id":"13456234","label":"M20","valid":true},{"id":"13456235","label":"M21","valid":true},{"id":"13456236","label":"M22","valid":true},{"id":"13456237","label":"M26","valid":true},{"id":"13456238","label":"M28","valid":true},{"id":"13456239","label":"M30","valid":true},{"id":"13456240","label":"M31","valid":true},{"id":"13456241","label":"M32","valid":true},{"id":"13456242","label":"M33","valid":true},{"id":"13456243","label":"M34","valid":true},{"id":"13456244","label":"M35","valid":true},{"id":"13456245","label":"M36","valid":true},{"id":"13456246","label":"M37","valid":true},{"id":"13456247","label":"M40","valid":true},{"id":"13456248","label":"M42","valid":true},{"id":"13456179","label":"MT1","valid":true}],"required":"true"},"type":"SINGLE_SELECT","var":"ライン名"}},"id":"1","label":"__ROOT__","properties":null,"var":"__ROOT__"}},"settingsNotesForm":{"content":null,"willBeInherited":null},"status":{"actions":[],"filters":[],"initialStateId":null,"states":[],"useStatus":"false"},"uuid":"1a70ef8b-dd65-4c68-b458-b8fcb8b4e766","views":[{"advancedMode":"false","builtinType":null,"device":null,"fields":[{"row":[{"columnWidth":"207","id":"6352185"}]}],"filter":{"category":null,"offset":null,"order":["DESC"],"q":null,"size":null,"sort":["f6352132"]},"html":null,"keyFieldId":null,"name":"未納品一覧","pager":null,"revision":null,"titleFieldId":null,"view":"6352162","viewType":"LIST"},{"advancedMode":"false","builtinType":null,"device":null,"fields":[{"row":[{"columnWidth":null,"id":"6352185"}]}],"filter":{"category":null,"offset":null,"order":["DESC"],"q":null,"size":null,"sort":["f6352132"]},"html":null,"keyFieldId":null,"name":"納品済一覧","pager":null,"revision":null,"titleFieldId":null,"view":"6352167","viewType":"LIST"},{"advancedMode":null,"builtinType":"ALL","device":null,"fields":[{"row":[{"columnWidth":null,"id":"6352132"},{"columnWidth":null,"id":"6352185"},{"columnWidth":null,"id":"13455824"},{"columnWidth":null,"id":"13455825"},{"columnWidth":null,"id":"13455826"},{"columnWidth":null,"id":"13455827"},{"columnWidth":null,"id":"13455828"},{"columnWidth":null,"id":"13455829"},{"columnWidth":null,"id":"13455830"},{"columnWidth":null,"id":"13455831"},{"columnWidth":null,"id":"13455832"},{"columnWidth":null,"id":"13455833"},{"columnWidth":null,"id":"13455834"},{"columnWidth":null,"id":"13455835"},{"columnWidth":null,"id":"13455836"},{"columnWidth":null,"id":"13455837"},{"columnWidth":null,"id":"13455838"},{"columnWidth":null,"id":"13455839"},{"columnWidth":null,"id":"13455840"},{"columnWidth":null,"id":"13455841"},{"columnWidth":null,"id":"13455842"},{"columnWidth":null,"id":"13455843"},{"columnWidth":null,"id":"13455887"},{"columnWidth":null,"id":"13455890"},{"columnWidth":null,"id":"13455891"},{"columnWidth":null,"id":"13455893"},{"columnWidth":null,"id":"13455897"},{"columnWidth":null,"id":"13455898"},{"columnWidth":null,"id":"13455899"},{"columnWidth":null,"id":"13455900"},{"columnWidth":null,"id":"13455901"},{"columnWidth":null,"id":"13455902"},{"columnWidth":null,"id":"13455903"},{"columnWidth":null,"id":"13455941"},{"columnWidth":null,"id":"13455942"},{"columnWidth":null,"id":"13455943"},{"columnWidth":null,"id":"13455944"},{"columnWidth":null,"id":"13455993"},{"columnWidth":null,"id":"13455994"},{"columnWidth":null,"id":"13455995"},{"columnWidth":null,"id":"13455996"},{"columnWidth":null,"id":"13455997"},{"columnWidth":null,"id":"13456003"},{"columnWidth":null,"id":"13456004"},{"columnWidth":null,"id":"13456005"},{"columnWidth":null,"id":"13456006"},{"columnWidth":null,"id":"13456007"},{"columnWidth":null,"id":"13456137"},{"columnWidth":null,"id":"13456143"},{"columnWidth":null,"id":"13456144"},{"columnWidth":null,"id":"13456145"},{"columnWidth":null,"id":"13456146"},{"columnWidth":null,"id":"13456147"},{"columnWidth":null,"id":"13456148"},{"columnWidth":null,"id":"13456150"},{"columnWidth":null,"id":"13456151"},{"columnWidth":null,"id":"13456152"},{"columnWidth":null,"id":"13456153"},{"columnWidth":null,"id":"13456154"},{"columnWidth":null,"id":"13456155"},{"columnWidth":null,"id":"13456156"},{"columnWidth":null,"id":"13456157"},{"columnWidth":null,"id":"13456158"},{"columnWidth":null,"id":"13456159"},{"columnWidth":null,"id":"13456160"},{"columnWidth":null,"id":"13456161"},{"columnWidth":null,"id":"13456166"},{"columnWidth":null,"id":"13456167"},{"columnWidth":null,"id":"13456168"},{"columnWidth":null,"id":"13456169"},{"columnWidth":null,"id":"13456170"},{"columnWidth":null,"id":"13456171"},{"columnWidth":null,"id":"13456172"},{"columnWidth":null,"id":"13456173"},{"columnWidth":null,"id":"13456174"},{"columnWidth":null,"id":"13456175"},{"columnWidth":null,"id":"13456176"},{"columnWidth":null,"id":"13456177"},{"columnWidth":null,"id":"13456249"}]}],"filter":{"category":null,"offset":null,"order":[],"q":null,"size":null,"sort":[]},"html":null,"keyFieldId":null,"name":"（すべて）","pager":null,"revision":null,"titleFieldId":null,"view":"20","viewType":"LIST"}]}],"description":"","iconKey":"20251113170845958107DD8F684EE0B72061F54DA91486332","iconMeta":{"internalName":null,"mime":"image/png","name":"分析のフリーアイコン.png"},"iconSrcAppId":"1a70ef8b-dd65-4c68-b458-b8fcb8b4e766","iconType":"BLOB","imagesMeta":[],"lookups":[],"name":"生産進捗管理(工程流動)","references":[],"version":"44"}