{"actions":[],"apps":[{"acl":{"app":[],"field":[],"record":[]},"app":null,"category":{"categories":[],"useCategory":"false"},"form":{"layout":"[{\"id\":null,\"type\":\"ROW\",\"isSubTable\":false,\"var\":null,\"label\":null,\"controlList\":[{\"isVirtical\":true,\"styleMap\":{\"width\":222},\"type\":\"DATE\",\"var\":\"date\",\"label\":\"日付\"},{\"isVirtical\":true,\"styleMap\":{\"width\":196},\"type\":\"SINGLE_SELECT\",\"var\":\"holiday_type\",\"label\":\"分類\"}]}]","revision":null},"iconMeta":null,"info":{"automaticallyChooseTitleComponent":"true","code":null,"decimalPrecision":"16","decimalScale":"4","description":"","enableBulkDeletion":"false","enableRecordReuse":"true","fiscalYearStartMonth":"4","iconKey":"APP39","iconType":"PRESET","jsFiles":null,"jsScope":"ALL","name":"会社休日マスタ","roundingMode":"HALF_EVEN","theme":"PLAIN","titleComponentLocalId":null,"useComment":"true","useHistory":"true","useInlineEditAndDelete":"true","useThumbnail":"true"},"jsFiles":[],"notification":{"appNotifications":[{"events":["RECORD_COMMENT_ADDED"],"target":{"entityId":"13458163","entityType":"FIELD_ENTITY","includeSubs":"false"}},{"events":["RECORD_COMMENT_ADDED"],"target":{"entityId":"13458164","entityType":"FIELD_ENTITY","includeSubs":"false"}}],"recordNotifications":[],"reminderTimezone":null,"reminders":[],"useComment":"true","useReminder":"false"},"plugins":[],"reports":[],"resource":{"tables":[{"rows":[{"fields":[],"objectId":"0","subObjectId":"-1"}],"type":"AppName"},{"rows":[{"fields":[],"objectId":"0","subObjectId":"-1"}],"type":"AppDescription"},{"rows":[{"fields":[],"objectId":"13458162","subObjectId":"-1"},{"fields":[],"objectId":"13458163","subObjectId":"-1"},{"fields":[],"objectId":"13458164","subObjectId":"-1"},{"fields":[],"objectId":"13458165","subObjectId":"-1"},{"fields":[],"objectId":"13458166","subObjectId":"-1"},{"fields":[],"objectId":"13458167","subObjectId":"-1"},{"fields":[],"objectId":"13458168","subObjectId":"-1"},{"fields":[],"objectId":"13458169","subObjectId":"-1"},{"fields":[],"objectId":"13458172","subObjectId":"-1"},{"fields":[],"objectId":"13458173","subObjectId":"-1"},{"fields":[],"objectId":"13458173","subObjectId":"13458170"},{"fields":[],"objectId":"13458173","subObjectId":"13458171"},{"fields":[],"objectId":"13458173","subObjectId":"13458175"}],"type":"FieldLabel"},{"rows":[{"fields":[],"objectId":"20","subObjectId":"-1"}],"type":"ViewName"},{"rows":[],"type":"CategoryName"}]},"schema":{"groups":[],"revision":null,"subTable":{},"table":{"fieldList":{"13458162":{"id":"13458162","label":"レコード番号","properties":{"noLabel":"false","required":"true"},"type":"RECORD_ID","var":"レコード番号"},"13458163":{"id":"13458163","label":"更新者","properties":{"noLabel":"false","required":"true"},"type":"MODIFIER","var":"更新者"},"13458164":{"id":"13458164","label":"作成者","properties":{"noLabel":"false","required":"true"},"type":"CREATOR","var":"作成者"},"13458165":{"id":"13458165","label":"更新日時","properties":{"noLabel":"false","required":"true"},"type":"MODIFIED_AT","var":"更新日時"},"13458166":{"id":"13458166","label":"作成日時","properties":{"noLabel":"false","required":"true"},"type":"CREATED_AT","var":"作成日時"},"13458167":{"id":"13458167","label":"ステータス","properties":{"noLabel":"false","required":"false"},"type":"STATUS","var":"ステータス"},"13458168":{"id":"13458168","label":"作業者","properties":{"noLabel":"false","required":"false"},"type":"STATUS_ASSIGNEE","var":"作業者"},"13458169":{"id":"13458169","label":"カテゴリー","properties":{"noLabel":"false","required":"false"},"type":"CATEGORY","var":"カテゴリー"},"13458172":{"id":"13458172","label":"日付","properties":{"defaultExpression":"NOW","defaultValue":null,"noLabel":"false","required":"true","unique":"true"},"type":"DATE","var":"date"},"13458173":{"id":"13458173","label":"分類","properties":{"defaultValue":"13458170","noLabel":"false","options":[{"id":"13458170","label":"所定休日","valid":true},{"id":"13458171","label":"法定休日","valid":true},{"id":"13458175","label":"一斉有給","valid":true}],"required":"true"},"type":"SINGLE_SELECT","var":"holiday_type"}},"id":"1","label":"__ROOT__","properties":null,"var":"__ROOT__"}},"settingsNotesForm":{"content":null,"willBeInherited":null},"status":{"actions":[],"filters":[],"initialStateId":null,"states":[],"useStatus":"false"},"uuid":"eb4df615-73eb-4c02-a6c1-1b27339f2fce","views":[{"advancedMode":null,"builtinType":"ALL","device":null,"fields":[{"row":[{"columnWidth":null,"id":"13458162"},{"columnWidth":null,"id":"13458172"},{"columnWidth":null,"id":"13458173"}]}],"filter":{"category":null,"offset":null,"order":[],"q":null,"size":null,"sort":[]},"html":null,"keyFieldId":null,"name":"（すべて）","pager":null,"revision":null,"titleFieldId":null,"view":"20","viewType":"LIST"}]}],"description":"","iconKey":"APP39","iconMeta":null,"iconSrcAppId":"eb4df615-73eb-4c02-a6c1-1b27339f2fce","iconType":"PRESET","imagesMeta":[],"lookups":[],"name":"会社休日マスタ","references":[],"version":"44"}