{"actions":[],"apps":[{"acl":{"app":[],"field":[],"record":[]},"app":null,"category":{"categories":[],"useCategory":"false"},"form":{"layout":"[{\"id\":null,\"type\":\"ROW\",\"isSubTable\":false,\"var\":null,\"controlList\":[{\"styleMap\":{\"width\":120},\"type\":\"RECORD_ID\",\"var\":\"record_no\",\"label\":\"レコード番号\"}],\"label\":null},{\"id\":null,\"type\":\"ROW\",\"isSubTable\":false,\"var\":null,\"controlList\":[{\"isVirtical\":true,\"styleMap\":{\"width\":193},\"type\":\"SINGLE_LINE_TEXT\",\"var\":\"文字列__1行_\",\"label\":\"会社名\"},{\"isVirtical\":true,\"styleMap\":{\"width\":193},\"type\":\"SINGLE_LINE_TEXT\",\"var\":\"文字列__1行__0\",\"label\":\"部署名\"},{\"isVirtical\":true,\"styleMap\":{\"width\":193},\"type\":\"SINGLE_LINE_TEXT\",\"var\":\"文字列__1行__2\",\"label\":\"担当者名\"}],\"label\":null},{\"id\":null,\"type\":\"ROW\",\"isSubTable\":false,\"var\":null,\"controlList\":[{\"isVirtical\":true,\"styleMap\":{\"width\":193},\"type\":\"SINGLE_LINE_TEXT\",\"var\":\"Zipcode\",\"label\":\"郵便番号(数字のみ)\"},{\"isVirtical\":true,\"styleMap\":{\"width\":193},\"type\":\"SINGLE_LINE_TEXT\",\"var\":\"TEL\",\"label\":\"TEL(数字のみ)\"},{\"isVirtical\":true,\"styleMap\":{\"width\":193},\"type\":\"SINGLE_LINE_TEXT\",\"var\":\"FAX\",\"label\":\"FAX(数字のみ)\"}],\"label\":null},{\"id\":null,\"type\":\"ROW\",\"isSubTable\":false,\"var\":null,\"controlList\":[{\"isVirtical\":true,\"styleMap\":{\"width\":386},\"type\":\"SINGLE_LINE_TEXT\",\"var\":\"Address\",\"label\":\"住所\"},{\"isVirtical\":true,\"styleMap\":{\"width\":193},\"type\":\"SINGLE_SELECT\",\"var\":\"ドロップダウン\",\"label\":\"顧客ランク\"}],\"label\":null},{\"id\":null,\"type\":\"ROW\",\"isSubTable\":false,\"var\":null,\"controlList\":[{\"isVirtical\":true,\"styleMap\":{\"width\":386},\"type\":\"SINGLE_LINE_TEXT\",\"var\":\"Mail\",\"label\":\"メールアドレス\"},{\"isVirtical\":true,\"styleMap\":{\"width\":207},\"type\":\"FILE\",\"var\":\"添付ファイル_0\",\"label\":\"会社ロゴ\"}],\"label\":null},{\"id\":null,\"type\":\"ROW\",\"isSubTable\":false,\"var\":null,\"controlList\":[{\"isVirtical\":true,\"styleMap\":{\"width\":593,\"height\":121,\"innerHeight\":84},\"type\":\"MULTIPLE_LINE_TEXT\",\"var\":\"文字列__複数行_\",\"label\":\"備考\"}],\"label\":null}]","revision":null},"iconMeta":null,"info":{"automaticallyChooseTitleComponent":"false","code":null,"decimalPrecision":"16","decimalScale":"4","description":"\u003Cdiv\u003E\u003Cspan style=\"line-height:1.5\"\u003E会社名、担当者名、連絡先などお客様の情報を登録し、チームで共有できるアプリです。\u003C/span\u003E\u003Cbr /\u003E\u003C/div\u003E\u003Cdiv\u003Eキーワード検索、地域等の条件での絞り込み、リストのCSV入出力等が可能です。\u003C/div\u003E","enableBulkDeletion":"false","enableRecordReuse":"true","fiscalYearStartMonth":"4","iconKey":"APP20","iconType":"PRESET","jsFiles":null,"jsScope":"ALL","name":"顧客リスト","roundingMode":"HALF_EVEN","theme":"ORDER","titleComponentLocalId":null,"useComment":"true","useHistory":"true","useInlineEditAndDelete":"true","useThumbnail":"true"},"jsFiles":[],"notification":{"appNotifications":[{"events":["RECORD_COMMENT_ADDED"],"target":{"entityId":"2171","entityType":"FIELD_ENTITY","includeSubs":"false"}},{"events":["RECORD_COMMENT_ADDED"],"target":{"entityId":"2172","entityType":"FIELD_ENTITY","includeSubs":"false"}}],"recordNotifications":[],"reminderTimezone":null,"reminders":[],"useComment":"true","useReminder":"false"},"plugins":[],"reports":[{"advancedMode":"false","filter":{"category":null,"offset":null,"order":[],"q":null,"size":null,"sort":[]},"isAborted":null,"name":"顧客ランク比率","processType":null,"report":"5519898","reportType":"SUBTOTAL","revision":null,"settings":"{\"groups\":[{\"id\":\"5519894\",\"op\":null}],\"summaries\":[{\"op\":\"COUNT\",\"id\":null}],\"chartType\":\"pie\",\"sort\":[\"g0\"],\"order\":[\"DESC\"]}","tallyPeriod":null,"tallyStartDateTime":null}],"resource":{"tables":[{"rows":[{"fields":[{"language":"zh","value":""},{"language":"en","value":""},{"language":"ja","value":""}],"objectId":"0","subObjectId":"-1"}],"type":"AppName"},{"rows":[{"fields":[{"language":"zh","value":""},{"language":"en","value":""},{"language":"ja","value":""}],"objectId":"0","subObjectId":"-1"}],"type":"AppDescription"},{"rows":[{"fields":[{"language":"zh","value":""},{"language":"en","value":""},{"language":"ja","value":""}],"objectId":"2170","subObjectId":"-1"},{"fields":[{"language":"zh","value":""},{"language":"en","value":""},{"language":"ja","value":""}],"objectId":"2171","subObjectId":"-1"},{"fields":[{"language":"zh","value":""},{"language":"en","value":""},{"language":"ja","value":""}],"objectId":"2172","subObjectId":"-1"},{"fields":[{"language":"zh","value":""},{"language":"en","value":""},{"language":"ja","value":""}],"objectId":"2173","subObjectId":"-1"},{"fields":[{"language":"zh","value":""},{"language":"en","value":""},{"language":"ja","value":""}],"objectId":"2174","subObjectId":"-1"},{"fields":[{"language":"zh","value":""},{"language":"en","value":""},{"language":"ja","value":""}],"objectId":"2175","subObjectId":"-1"},{"fields":[{"language":"zh","value":""},{"language":"en","value":""},{"language":"ja","value":""}],"objectId":"2176","subObjectId":"-1"},{"fields":[{"language":"zh","value":""},{"language":"en","value":""},{"language":"ja","value":""}],"objectId":"2177","subObjectId":"-1"},{"fields":[{"language":"zh","value":""},{"language":"en","value":""},{"language":"ja","value":""}],"objectId":"2178","subObjectId":"-1"},{"fields":[{"language":"zh","value":""},{"language":"en","value":""},{"language":"ja","value":""}],"objectId":"2179","subObjectId":"-1"},{"fields":[{"language":"zh","value":""},{"language":"en","value":""},{"language":"ja","value":""}],"objectId":"2180","subObjectId":"-1"},{"fields":[{"language":"zh","value":""},{"language":"en","value":""},{"language":"ja","value":""}],"objectId":"2181","subObjectId":"-1"},{"fields":[{"language":"zh","value":""},{"language":"en","value":""},{"language":"ja","value":""}],"objectId":"2182","subObjectId":"-1"},{"fields":[{"language":"zh","value":""},{"language":"en","value":""},{"language":"ja","value":""}],"objectId":"2183","subObjectId":"-1"},{"fields":[{"language":"zh","value":""},{"language":"en","value":""},{"language":"ja","value":""}],"objectId":"2184","subObjectId":"-1"},{"fields":[{"language":"zh","value":""},{"language":"en","value":""},{"language":"ja","value":""}],"objectId":"2185","subObjectId":"-1"},{"fields":[{"language":"zh","value":""},{"language":"en","value":""},{"language":"ja","value":""}],"objectId":"2186","subObjectId":"-1"},{"fields":[{"language":"zh","value":""},{"language":"en","value":""},{"language":"ja","value":""}],"objectId":"2187","subObjectId":"-1"},{"fields":[{"language":"zh","value":""},{"language":"en","value":""},{"language":"ja","value":""}],"objectId":"5519894","subObjectId":"-1"},{"fields":[{"language":"zh","value":""},{"language":"en","value":""},{"language":"ja","value":""}],"objectId":"5519894","subObjectId":"5519891"},{"fields":[{"language":"zh","value":""},{"language":"en","value":""},{"language":"ja","value":""}],"objectId":"5519894","subObjectId":"5519892"},{"fields":[{"language":"zh","value":""},{"language":"en","value":""},{"language":"ja","value":""}],"objectId":"5519894","subObjectId":"5519893"}],"type":"FieldLabel"},{"rows":[{"fields":[{"language":"zh","value":""},{"language":"en","value":""},{"language":"ja","value":""}],"objectId":"20","subObjectId":"-1"},{"fields":[{"language":"zh","value":""},{"language":"en","value":""},{"language":"ja","value":""}],"objectId":"2189","subObjectId":"-1"},{"fields":[{"language":"zh","value":""},{"language":"en","value":""},{"language":"ja","value":""}],"objectId":"5519896","subObjectId":"-1"}],"type":"ViewName"},{"rows":[{"fields":[{"language":"zh","value":""},{"language":"en","value":""},{"language":"ja","value":""}],"objectId":"5519898","subObjectId":"-1"}],"type":"ReportName"},{"rows":[],"type":"CategoryName"}]},"schema":{"groups":[],"revision":null,"subTable":{},"table":{"fieldList":{"2170":{"id":"2170","label":"レコード番号","properties":{"noLabel":"false","required":"true"},"type":"RECORD_ID","var":"record_no"},"2171":{"id":"2171","label":"更新者","properties":{"noLabel":"false","required":"true"},"type":"MODIFIER","var":"更新者"},"2172":{"id":"2172","label":"作成者","properties":{"noLabel":"false","required":"true"},"type":"CREATOR","var":"作成者"},"2173":{"id":"2173","label":"更新日時","properties":{"noLabel":"false","required":"true"},"type":"MODIFIED_AT","var":"更新日時"},"2174":{"id":"2174","label":"作成日時","properties":{"noLabel":"false","required":"true"},"type":"CREATED_AT","var":"作成日時"},"2175":{"id":"2175","label":"ステータス","properties":{"noLabel":"false","required":"false"},"type":"STATUS","var":"ステータス"},"2176":{"id":"2176","label":"作業者","properties":{"noLabel":"false","required":"false"},"type":"STATUS_ASSIGNEE","var":"作業者"},"2177":{"id":"2177","label":"カテゴリー","properties":{"noLabel":"false","required":"false"},"type":"CATEGORY","var":"カテゴリー"},"2178":{"id":"2178","label":"会社名","properties":{"defaultValue":"","expression":"","hideExpression":"false","max":null,"min":null,"noLabel":"false","required":"false","unique":"false"},"type":"SINGLE_LINE_TEXT","var":"文字列__1行_"},"2179":{"id":"2179","label":"部署名","properties":{"defaultValue":"","expression":"","hideExpression":"false","max":null,"min":null,"noLabel":"false","required":"false","unique":"false"},"type":"SINGLE_LINE_TEXT","var":"文字列__1行__0"},"2180":{"id":"2180","label":"担当者名","properties":{"defaultValue":"","expression":"","hideExpression":"false","max":null,"min":null,"noLabel":"false","required":"false","unique":"false"},"type":"SINGLE_LINE_TEXT","var":"文字列__1行__2"},"2181":{"id":"2181","label":"郵便番号(数字のみ)","properties":{"defaultValue":"","expression":"","hideExpression":"false","max":"7","min":null,"noLabel":"false","required":"false","unique":"false"},"type":"SINGLE_LINE_TEXT","var":"Zipcode"},"2182":{"id":"2182","label":"住所","properties":{"defaultValue":"","expression":"","hideExpression":"false","max":null,"min":null,"noLabel":"false","required":"false","unique":"false"},"type":"SINGLE_LINE_TEXT","var":"Address"},"2183":{"id":"2183","label":"TEL(数字のみ)","properties":{"defaultValue":"","expression":"","hideExpression":"false","max":null,"min":null,"noLabel":"false","required":"false","unique":"false"},"type":"SINGLE_LINE_TEXT","var":"TEL"},"2184":{"id":"2184","label":"FAX(数字のみ)","properties":{"defaultValue":"","expression":"","hideExpression":"false","max":null,"min":null,"noLabel":"false","required":"false","unique":"false"},"type":"SINGLE_LINE_TEXT","var":"FAX"},"2185":{"id":"2185","label":"メールアドレス","properties":{"defaultValue":"","expression":"","hideExpression":"false","max":null,"min":null,"noLabel":"false","required":"false","unique":"false"},"type":"SINGLE_LINE_TEXT","var":"Mail"},"2186":{"id":"2186","label":"会社ロゴ","properties":{"noLabel":"false","required":"false","thumbnailSize":"150"},"type":"FILE","var":"添付ファイル_0"},"2187":{"id":"2187","label":"備考","properties":{"defaultValue":"","noLabel":"false","required":"false"},"type":"MULTIPLE_LINE_TEXT","var":"文字列__複数行_"},"5519894":{"id":"5519894","label":"顧客ランク","properties":{"defaultValue":null,"noLabel":"false","options":[{"id":"5519891","label":"A","valid":true},{"id":"5519892","label":"B","valid":true},{"id":"5519893","label":"C","valid":true}],"required":"false"},"type":"SINGLE_SELECT","var":"ドロップダウン"}},"id":"1","label":"__ROOT__","properties":null,"var":"__ROOT__"}},"settingsNotesForm":{"content":null,"willBeInherited":null},"status":{"actions":[],"filters":[],"initialStateId":null,"states":[],"useStatus":"false"},"uuid":"07fc6dab-3002-4334-b48e-cceafe361379","views":[{"advancedMode":"false","builtinType":null,"device":null,"fields":[{"row":[{"columnWidth":null,"id":"2170"},{"columnWidth":null,"id":"2178"},{"columnWidth":null,"id":"2179"},{"columnWidth":null,"id":"2180"},{"columnWidth":null,"id":"2182"}]}],"filter":{"category":null,"offset":null,"order":["DESC"],"q":null,"size":null,"sort":["f2174"]},"html":null,"keyFieldId":null,"name":"顧客一覧","pager":null,"revision":null,"titleFieldId":null,"view":"2189","viewType":"LIST"},{"advancedMode":"false","builtinType":null,"device":null,"fields":[{"row":[{"columnWidth":null,"id":"2170"},{"columnWidth":null,"id":"2178"},{"columnWidth":null,"id":"2179"},{"columnWidth":null,"id":"2180"},{"columnWidth":null,"id":"2182"}]}],"filter":{"category":null,"offset":null,"order":["DESC"],"q":"f5519894 in (\"5519891\")","size":null,"sort":["f2174"]},"html":null,"keyFieldId":null,"name":"顧客ランクA","pager":null,"revision":null,"titleFieldId":null,"view":"5519896","viewType":"LIST"},{"advancedMode":null,"builtinType":"ALL","device":null,"fields":[{"row":[{"columnWidth":null,"id":"2170"},{"columnWidth":null,"id":"2178"},{"columnWidth":null,"id":"2179"},{"columnWidth":null,"id":"2180"},{"columnWidth":null,"id":"2181"},{"columnWidth":null,"id":"2182"},{"columnWidth":null,"id":"2183"},{"columnWidth":null,"id":"2184"},{"columnWidth":null,"id":"2185"},{"columnWidth":null,"id":"2186"},{"columnWidth":null,"id":"2187"},{"columnWidth":null,"id":"5519894"}]}],"filter":{"category":null,"offset":null,"order":[],"q":null,"size":null,"sort":[]},"html":null,"keyFieldId":null,"name":"（すべて）","pager":null,"revision":null,"titleFieldId":null,"view":"20","viewType":"LIST"}]}],"description":"","iconKey":"APP20","iconMeta":null,"iconSrcAppId":"07fc6dab-3002-4334-b48e-cceafe361379","iconType":"PRESET","imagesMeta":[],"lookups":[],"name":"顧客リスト","references":[],"version":"44"}