{"actions":[],"apps":[{"acl":{"app":[],"field":[],"record":[]},"app":null,"category":{"categories":[],"useCategory":"false"},"form":{"layout":"[]","revision":null},"iconMeta":null,"info":{"automaticallyChooseTitleComponent":"true","code":null,"decimalPrecision":"16","decimalScale":"4","description":"","enableBulkDeletion":"false","enableRecordReuse":"true","fiscalYearStartMonth":"4","iconKey":"APP39","iconType":"PRESET","jsFiles":null,"jsScope":"ALL","name":"PLダッシュボード(BOX)","roundingMode":"HALF_EVEN","theme":"PLAIN","titleComponentLocalId":null,"useComment":"true","useHistory":"true","useInlineEditAndDelete":"true","useThumbnail":"true"},"jsFiles":[{"jsFileMetas":[{"internalName":null,"locationType":"BLOB","mime":"text/css","name":"mobile.css","url":null},{"internalName":null,"locationType":"BLOB","mime":"text/css","name":"table.css","url":null},{"internalName":null,"locationType":"BLOB","mime":"text/css","name":"filter.css","url":null},{"internalName":null,"locationType":"BLOB","mime":"text/css","name":"tabs.css","url":null}],"jsType":"MOBILE_CSS"},{"jsFileMetas":[{"internalName":null,"locationType":"BLOB","mime":"application/javascript","name":"PL_dashboard.mobile.js","url":null}],"jsType":"MOBILE"},{"jsFileMetas":[{"internalName":null,"locationType":"BLOB","mime":"application/javascript","name":"PL_dashboard.js","url":null}],"jsType":"DESKTOP"},{"jsFileMetas":[{"internalName":null,"locationType":"BLOB","mime":"text/css","name":"desktop.css","url":null},{"internalName":null,"locationType":"BLOB","mime":"text/css","name":"table.css","url":null},{"internalName":null,"locationType":"BLOB","mime":"text/css","name":"filter.css","url":null},{"internalName":null,"locationType":"BLOB","mime":"text/css","name":"tabs.css","url":null}],"jsType":"DESKTOP_CSS"}],"notification":{"appNotifications":[{"events":["RECORD_COMMENT_ADDED"],"target":{"entityId":"13458052","entityType":"FIELD_ENTITY","includeSubs":"false"}},{"events":["RECORD_COMMENT_ADDED"],"target":{"entityId":"13458053","entityType":"FIELD_ENTITY","includeSubs":"false"}}],"recordNotifications":[],"reminderTimezone":null,"reminders":[],"useComment":"true","useReminder":"false"},"plugins":[],"reports":[],"resource":{"tables":[{"rows":[{"fields":[],"objectId":"0","subObjectId":"-1"}],"type":"AppName"},{"rows":[{"fields":[],"objectId":"0","subObjectId":"-1"}],"type":"AppDescription"},{"rows":[{"fields":[],"objectId":"13458051","subObjectId":"-1"},{"fields":[],"objectId":"13458052","subObjectId":"-1"},{"fields":[],"objectId":"13458053","subObjectId":"-1"},{"fields":[],"objectId":"13458054","subObjectId":"-1"},{"fields":[],"objectId":"13458055","subObjectId":"-1"},{"fields":[],"objectId":"13458056","subObjectId":"-1"},{"fields":[],"objectId":"13458057","subObjectId":"-1"},{"fields":[],"objectId":"13458058","subObjectId":"-1"}],"type":"FieldLabel"},{"rows":[{"fields":[],"objectId":"20","subObjectId":"-1"}],"type":"ViewName"},{"rows":[],"type":"CategoryName"}]},"schema":{"groups":[],"revision":null,"subTable":{},"table":{"fieldList":{"13458051":{"id":"13458051","label":"レコード番号","properties":{"noLabel":"false","required":"true"},"type":"RECORD_ID","var":"レコード番号"},"13458052":{"id":"13458052","label":"更新者","properties":{"noLabel":"false","required":"true"},"type":"MODIFIER","var":"更新者"},"13458053":{"id":"13458053","label":"作成者","properties":{"noLabel":"false","required":"true"},"type":"CREATOR","var":"作成者"},"13458054":{"id":"13458054","label":"更新日時","properties":{"noLabel":"false","required":"true"},"type":"MODIFIED_AT","var":"更新日時"},"13458055":{"id":"13458055","label":"作成日時","properties":{"noLabel":"false","required":"true"},"type":"CREATED_AT","var":"作成日時"},"13458056":{"id":"13458056","label":"ステータス","properties":{"noLabel":"false","required":"false"},"type":"STATUS","var":"ステータス"},"13458057":{"id":"13458057","label":"作業者","properties":{"noLabel":"false","required":"false"},"type":"STATUS_ASSIGNEE","var":"作業者"},"13458058":{"id":"13458058","label":"カテゴリー","properties":{"noLabel":"false","required":"false"},"type":"CATEGORY","var":"カテゴリー"}},"id":"1","label":"__ROOT__","properties":null,"var":"__ROOT__"}},"settingsNotesForm":{"content":null,"willBeInherited":null},"status":{"actions":[],"filters":[],"initialStateId":null,"states":[],"useStatus":"false"},"uuid":"1cabca70-912c-4d84-ad7d-2f87de2a31c6","views":[{"advancedMode":null,"builtinType":"ALL","device":null,"fields":[{"row":[{"columnWidth":null,"id":"13458051"}]}],"filter":{"category":null,"offset":null,"order":[],"q":null,"size":null,"sort":[]},"html":null,"keyFieldId":null,"name":"（すべて）","pager":null,"revision":null,"titleFieldId":null,"view":"20","viewType":"LIST"}]}],"description":"","iconKey":"APP39","iconMeta":null,"iconSrcAppId":"1cabca70-912c-4d84-ad7d-2f87de2a31c6","iconType":"PRESET","imagesMeta":[],"lookups":[],"name":"PLダッシュボード(BOX)","references":[],"version":"44"}