{"actions":[],"apps":[{"acl":{"app":[],"field":[],"record":[]},"app":null,"category":{"categories":[],"useCategory":"false"},"form":{"layout":"[{\"id\":null,\"type\":\"ROW\",\"isSubTable\":false,\"var\":null,\"controlList\":[{\"isVirtical\":true,\"styleMap\":{\"width\":311},\"type\":\"SINGLE_LINE_TEXT\",\"var\":\"Title\",\"label\":\"タイトル\"},{\"isVirtical\":true,\"styleMap\":{\"width\":207},\"type\":\"FILE\",\"var\":\"File\",\"label\":\"ファイル\"}],\"label\":null},{\"id\":null,\"type\":\"ROW\",\"isSubTable\":false,\"var\":null,\"controlList\":[{\"isVirtical\":true,\"styleMap\":{\"width\":518,\"height\":176,\"innerHeight\":140},\"type\":\"MULTIPLE_LINE_TEXT\",\"var\":\"Description\",\"label\":\"説明\"}],\"label\":null},{\"id\":null,\"type\":\"ROW\",\"isSubTable\":false,\"var\":null,\"controlList\":[{\"isVirtical\":true,\"styleMap\":{\"width\":173},\"type\":\"CREATOR\",\"var\":\"Createdby\",\"label\":\"作成者\"},{\"isVirtical\":true,\"styleMap\":{\"width\":204},\"type\":\"CREATED_AT\",\"var\":\"Createdtime\",\"label\":\"作成日時\"}],\"label\":null},{\"id\":null,\"type\":\"ROW\",\"isSubTable\":false,\"var\":null,\"controlList\":[{\"styleMap\":{\"width\":518},\"type\":\"HR\"}],\"label\":null},{\"id\":\"5118240\",\"type\":\"SUBTABLE\",\"isSubTable\":true,\"var\":\"変更内容メモ\",\"controlList\":[{\"isVirtical\":true,\"styleMap\":{\"width\":136},\"type\":\"DATE\",\"var\":\"Date\",\"label\":\"日付\"},{\"isVirtical\":true,\"styleMap\":{\"width\":382},\"type\":\"SINGLE_LINE_TEXT\",\"var\":\"ModifiedContents\",\"label\":\"変更内容\"},{\"isVirtical\":true,\"styleMap\":{\"width\":344},\"type\":\"USER_SELECT\",\"var\":\"Modifiedby\",\"label\":\"変更者\"}],\"label\":\"変更内容メモ\"}]","revision":null},"iconMeta":{"internalName":null,"mime":"image/png","name":"appCabinet.png"},"info":{"automaticallyChooseTitleComponent":"false","code":null,"decimalPrecision":"16","decimalScale":"4","description":"\u003Cdiv\u003E文書や提案資料、画像などのファイルを共有できるアプリです。\u003C/div\u003E  \u003Cdiv\u003E全文検索でPDFファイル等の中身まで検索したり、ファイルの更新履歴を残したりすることもできます。\u003C/div\u003E\u003Cdiv\u003E\u003C/div\u003E","enableBulkDeletion":"false","enableRecordReuse":"true","fiscalYearStartMonth":"4","iconKey":"10678","iconType":"BLOB","jsFiles":null,"jsScope":"ALL","name":"ファイル管理","roundingMode":"HALF_EVEN","theme":"PLAIN","titleComponentLocalId":null,"useComment":"true","useHistory":"true","useInlineEditAndDelete":"true","useThumbnail":"true"},"jsFiles":[],"notification":{"appNotifications":[{"events":["RECORD_COMMENT_ADDED"],"target":{"entityId":"5118230","entityType":"FIELD_ENTITY","includeSubs":"false"}},{"events":["RECORD_COMMENT_ADDED"],"target":{"entityId":"5118231","entityType":"FIELD_ENTITY","includeSubs":"false"}}],"recordNotifications":[],"reminderTimezone":null,"reminders":[],"useComment":"true","useReminder":"false"},"plugins":[],"reports":[],"resource":{"tables":[{"rows":[{"fields":[{"language":"zh","value":"文件管理"},{"language":"en","value":"File Sharing"},{"language":"ja","value":""}],"objectId":"0","subObjectId":"-1"}],"type":"AppName"},{"rows":[{"fields":[{"language":"zh","value":"\u003Cdiv\u003E共享文档，提案资料，图片等文件的应用。\u003C/div\u003E\u003Cdiv\u003E使用全文检索功能可进行PDF文件甚至相关文件内容的检索，并可留存文件更新的历史记录。\u003C/div\u003E"},{"language":"en","value":"\u003Cdiv\u003EAn app for sharing files such as documents, images or materials for presentations.\u003Cbr /\u003EYou can also search through the full text of PDF files and maintain a log of file updates.\u003C/div\u003E"},{"language":"ja","value":""}],"objectId":"0","subObjectId":"-1"}],"type":"AppDescription"},{"rows":[{"fields":[{"language":"zh","value":"记录编号"},{"language":"en","value":"Record No."},{"language":"ja","value":""}],"objectId":"5118229","subObjectId":"-1"},{"fields":[{"language":"zh","value":"更新人"},{"language":"en","value":"Last Updated By"},{"language":"ja","value":""}],"objectId":"5118230","subObjectId":"-1"},{"fields":[{"language":"zh","value":"创建人"},{"language":"en","value":"Created By"},{"language":"ja","value":""}],"objectId":"5118231","subObjectId":"-1"},{"fields":[{"language":"zh","value":"更新时间"},{"language":"en","value":"Updated"},{"language":"ja","value":""}],"objectId":"5118232","subObjectId":"-1"},{"fields":[{"language":"zh","value":"创建时间"},{"language":"en","value":"Created"},{"language":"ja","value":""}],"objectId":"5118233","subObjectId":"-1"},{"fields":[{"language":"zh","value":"状态"},{"language":"en","value":"Status"},{"language":"ja","value":""}],"objectId":"5118234","subObjectId":"-1"},{"fields":[{"language":"zh","value":"执行者"},{"language":"en","value":"Assignee"},{"language":"ja","value":""}],"objectId":"5118235","subObjectId":"-1"},{"fields":[{"language":"zh","value":"类别"},{"language":"en","value":"Category"},{"language":"ja","value":""}],"objectId":"5118236","subObjectId":"-1"},{"fields":[{"language":"zh","value":"更新内容备忘录"},{"language":"en","value":"Contents Revised"},{"language":"ja","value":""}],"objectId":"5118240","subObjectId":"-1"},{"fields":[{"language":"zh","value":"日期"},{"language":"en","value":"Date"},{"language":"ja","value":""}],"objectId":"5118237","subObjectId":"-1"},{"fields":[{"language":"zh","value":"更新内容"},{"language":"en","value":"Specific Edits"},{"language":"ja","value":""}],"objectId":"5118238","subObjectId":"-1"},{"fields":[{"language":"zh","value":"更新人"},{"language":"en","value":"Updated By"},{"language":"ja","value":""}],"objectId":"5118239","subObjectId":"-1"},{"fields":[{"language":"zh","value":"标题"},{"language":"en","value":"Title"},{"language":"ja","value":""}],"objectId":"5118241","subObjectId":"-1"},{"fields":[{"language":"zh","value":"文件"},{"language":"en","value":"File"},{"language":"ja","value":""}],"objectId":"5118242","subObjectId":"-1"},{"fields":[{"language":"zh","value":"说明"},{"language":"en","value":"Explanation"},{"language":"ja","value":""}],"objectId":"5118243","subObjectId":"-1"}],"type":"FieldLabel"},{"rows":[{"fields":[{"language":"zh","value":"（全部）"},{"language":"en","value":"(All)"},{"language":"ja","value":""}],"objectId":"20","subObjectId":"-1"},{"fields":[{"language":"zh","value":"文件一览"},{"language":"en","value":"Summary"},{"language":"ja","value":""}],"objectId":"5118245","subObjectId":"-1"}],"type":"ViewName"},{"rows":[],"type":"CategoryName"}]},"schema":{"groups":[],"revision":null,"subTable":{"5118240":{"fieldList":{"5118237":{"id":"5118237","label":"日付","properties":{"defaultExpression":null,"defaultValue":null,"noLabel":"false","required":"false","unique":"false"},"type":"DATE","var":"Date"},"5118238":{"id":"5118238","label":"変更内容","properties":{"defaultValue":"","expression":"","hideExpression":"false","max":null,"min":null,"noLabel":"false","required":"false","unique":"false"},"type":"SINGLE_LINE_TEXT","var":"ModifiedContents"},"5118239":{"id":"5118239","label":"変更者","properties":{"defaultEntities":[],"defaultSelect":[],"entities":[],"noLabel":"false","required":"false","select":[]},"type":"USER_SELECT","var":"Modifiedby"}},"id":"5118240","label":"変更内容メモ","properties":{"noLabel":"true"},"var":"変更内容メモ"}},"table":{"fieldList":{"5118229":{"id":"5118229","label":"レコード番号","properties":{"noLabel":"false","required":"true"},"type":"RECORD_ID","var":"レコード番号"},"5118230":{"id":"5118230","label":"更新者","properties":{"noLabel":"false","required":"true"},"type":"MODIFIER","var":"更新者"},"5118231":{"id":"5118231","label":"作成者","properties":{"noLabel":"false","required":"true"},"type":"CREATOR","var":"Createdby"},"5118232":{"id":"5118232","label":"更新日時","properties":{"noLabel":"false","required":"true"},"type":"MODIFIED_AT","var":"更新日時"},"5118233":{"id":"5118233","label":"作成日時","properties":{"noLabel":"false","required":"true"},"type":"CREATED_AT","var":"Createdtime"},"5118234":{"id":"5118234","label":"ステータス","properties":{"noLabel":"false","required":"false"},"type":"STATUS","var":"ステータス"},"5118235":{"id":"5118235","label":"作業者","properties":{"noLabel":"false","required":"false"},"type":"STATUS_ASSIGNEE","var":"作業者"},"5118236":{"id":"5118236","label":"カテゴリー","properties":{"noLabel":"false","required":"false"},"type":"CATEGORY","var":"カテゴリー"},"5118241":{"id":"5118241","label":"タイトル","properties":{"defaultValue":"","expression":"","hideExpression":"false","max":null,"min":null,"noLabel":"false","required":"false","unique":"false"},"type":"SINGLE_LINE_TEXT","var":"Title"},"5118242":{"id":"5118242","label":"ファイル","properties":{"noLabel":"false","required":"false","thumbnailSize":"150"},"type":"FILE","var":"File"},"5118243":{"id":"5118243","label":"説明","properties":{"defaultValue":"","noLabel":"false","required":"false"},"type":"MULTIPLE_LINE_TEXT","var":"Description"}},"id":"1","label":"__ROOT__","properties":null,"var":"__ROOT__"}},"settingsNotesForm":{"content":null,"willBeInherited":null},"status":{"actions":[],"filters":[],"initialStateId":null,"states":[],"useStatus":"false"},"uuid":"0d94b678-be5b-4668-94ac-f8cffa7a2306","views":[{"advancedMode":"false","builtinType":null,"device":null,"fields":[{"row":[{"columnWidth":null,"id":"5118241"},{"columnWidth":null,"id":"5118242"},{"columnWidth":null,"id":"5118231"},{"columnWidth":null,"id":"5118233"}]}],"filter":{"category":null,"offset":null,"order":["DESC"],"q":null,"size":null,"sort":["f5118233"]},"html":null,"keyFieldId":null,"name":"ファイル一覧","pager":null,"revision":null,"titleFieldId":null,"view":"5118245","viewType":"LIST"},{"advancedMode":null,"builtinType":"ALL","device":null,"fields":[{"row":[{"columnWidth":null,"id":"5118229"},{"columnWidth":null,"id":"5118241"},{"columnWidth":null,"id":"5118242"},{"columnWidth":null,"id":"5118243"}]}],"filter":{"category":null,"offset":null,"order":[],"q":null,"size":null,"sort":[]},"html":null,"keyFieldId":null,"name":"（すべて）","pager":null,"revision":null,"titleFieldId":null,"view":"20","viewType":"LIST"}]}],"description":"","iconKey":"2025111317055119DB11945F2140EAB57C692FDD33D9D9030","iconMeta":{"internalName":null,"mime":"image/png","name":"appCabinet.png"},"iconSrcAppId":"0d94b678-be5b-4668-94ac-f8cffa7a2306","iconType":"BLOB","imagesMeta":[],"lookups":[],"name":"ファイル管理","references":[],"version":"44"}