{"actions":[],"apps":[{"acl":{"app":[],"field":[],"record":[]},"app":null,"category":{"categories":[],"useCategory":"false"},"form":{"layout":"[{\"id\":null,\"type\":\"ROW\",\"isSubTable\":false,\"var\":null,\"label\":null,\"controlList\":[{\"isVirtical\":true,\"styleMap\":{\"width\":193},\"type\":\"SINGLE_LINE_TEXT\",\"var\":\"company\",\"label\":\"会社名\"},{\"isVirtical\":true,\"styleMap\":{\"width\":111},\"type\":\"SINGLE_LINE_TEXT\",\"var\":\"deputy\",\"label\":\"所属\"},{\"isVirtical\":true,\"styleMap\":{\"width\":112},\"type\":\"SINGLE_LINE_TEXT\",\"var\":\"line\",\"label\":\"所属ライン\"},{\"isVirtical\":true,\"styleMap\":{\"width\":193},\"type\":\"SINGLE_LINE_TEXT\",\"var\":\"文字列__1行_\",\"label\":\"分類\"}]},{\"id\":null,\"type\":\"ROW\",\"isSubTable\":false,\"var\":null,\"label\":null,\"controlList\":[{\"isVirtical\":true,\"styleMap\":{\"width\":164},\"type\":\"SINGLE_LINE_TEXT\",\"var\":\"user_code\",\"label\":\"社員番号\"},{\"isVirtical\":true,\"styleMap\":{\"width\":310},\"type\":\"SINGLE_LINE_TEXT\",\"var\":\"use_name\",\"label\":\"名前\"}]}]","revision":null},"iconMeta":null,"info":{"automaticallyChooseTitleComponent":"true","code":null,"decimalPrecision":"16","decimalScale":"4","description":"","enableBulkDeletion":"false","enableRecordReuse":"true","fiscalYearStartMonth":"4","iconKey":"APP39","iconType":"PRESET","jsFiles":null,"jsScope":"ALL","name":"ユーザーマスタ","roundingMode":"HALF_EVEN","theme":"PLAIN","titleComponentLocalId":null,"useComment":"true","useHistory":"true","useInlineEditAndDelete":"true","useThumbnail":"true"},"jsFiles":[{"jsFileMetas":[{"internalName":null,"locationType":"BLOB","mime":"application/javascript","name":"ファイルに書き出すボタンを作成.js","url":null},{"internalName":null,"locationType":"BLOB","mime":"application/javascript","name":"全レコード削除ボタンとファイルから読み込むボタン.js","url":null}],"jsType":"DESKTOP"}],"notification":{"appNotifications":[{"events":["RECORD_COMMENT_ADDED"],"target":{"entityId":"13457526","entityType":"FIELD_ENTITY","includeSubs":"false"}},{"events":["RECORD_COMMENT_ADDED"],"target":{"entityId":"13457527","entityType":"FIELD_ENTITY","includeSubs":"false"}}],"recordNotifications":[],"reminderTimezone":null,"reminders":[],"useComment":"true","useReminder":"false"},"plugins":[],"reports":[],"resource":{"tables":[{"rows":[{"fields":[],"objectId":"0","subObjectId":"-1"}],"type":"AppName"},{"rows":[{"fields":[],"objectId":"0","subObjectId":"-1"}],"type":"AppDescription"},{"rows":[{"fields":[],"objectId":"13457525","subObjectId":"-1"},{"fields":[],"objectId":"13457526","subObjectId":"-1"},{"fields":[],"objectId":"13457527","subObjectId":"-1"},{"fields":[],"objectId":"13457528","subObjectId":"-1"},{"fields":[],"objectId":"13457529","subObjectId":"-1"},{"fields":[],"objectId":"13457530","subObjectId":"-1"},{"fields":[],"objectId":"13457531","subObjectId":"-1"},{"fields":[],"objectId":"13457532","subObjectId":"-1"},{"fields":[],"objectId":"13457533","subObjectId":"-1"},{"fields":[],"objectId":"13457534","subObjectId":"-1"},{"fields":[],"objectId":"13457626","subObjectId":"-1"},{"fields":[],"objectId":"13457627","subObjectId":"-1"},{"fields":[],"objectId":"13457629","subObjectId":"-1"},{"fields":[],"objectId":"13457954","subObjectId":"-1"}],"type":"FieldLabel"},{"rows":[{"fields":[],"objectId":"20","subObjectId":"-1"}],"type":"ViewName"},{"rows":[],"type":"CategoryName"}]},"schema":{"groups":[],"revision":null,"subTable":{},"table":{"fieldList":{"13457525":{"id":"13457525","label":"レコード番号","properties":{"noLabel":"false","required":"true"},"type":"RECORD_ID","var":"レコード番号"},"13457526":{"id":"13457526","label":"更新者","properties":{"noLabel":"false","required":"true"},"type":"MODIFIER","var":"更新者"},"13457527":{"id":"13457527","label":"作成者","properties":{"noLabel":"false","required":"true"},"type":"CREATOR","var":"作成者"},"13457528":{"id":"13457528","label":"更新日時","properties":{"noLabel":"false","required":"true"},"type":"MODIFIED_AT","var":"更新日時"},"13457529":{"id":"13457529","label":"作成日時","properties":{"noLabel":"false","required":"true"},"type":"CREATED_AT","var":"作成日時"},"13457530":{"id":"13457530","label":"ステータス","properties":{"noLabel":"false","required":"false"},"type":"STATUS","var":"ステータス"},"13457531":{"id":"13457531","label":"作業者","properties":{"noLabel":"false","required":"false"},"type":"STATUS_ASSIGNEE","var":"作業者"},"13457532":{"id":"13457532","label":"カテゴリー","properties":{"noLabel":"false","required":"false"},"type":"CATEGORY","var":"カテゴリー"},"13457533":{"id":"13457533","label":"社員番号","properties":{"defaultValue":"","expression":"","hideExpression":"false","max":"64","min":null,"noLabel":"false","required":"true","unique":"true"},"type":"SINGLE_LINE_TEXT","var":"user_code"},"13457534":{"id":"13457534","label":"名前","properties":{"defaultValue":"","expression":"","hideExpression":"false","max":null,"min":null,"noLabel":"false","required":"true","unique":"false"},"type":"SINGLE_LINE_TEXT","var":"use_name"},"13457626":{"id":"13457626","label":"会社名","properties":{"defaultValue":"","expression":"","hideExpression":"false","max":null,"min":null,"noLabel":"false","required":"false","unique":"false"},"type":"SINGLE_LINE_TEXT","var":"company"},"13457627":{"id":"13457627","label":"所属","properties":{"defaultValue":"","expression":"","hideExpression":"false","max":null,"min":null,"noLabel":"false","required":"false","unique":"false"},"type":"SINGLE_LINE_TEXT","var":"deputy"},"13457629":{"id":"13457629","label":"所属ライン","properties":{"defaultValue":"","expression":"","hideExpression":"false","max":null,"min":null,"noLabel":"false","required":"false","unique":"false"},"type":"SINGLE_LINE_TEXT","var":"line"},"13457954":{"id":"13457954","label":"分類","properties":{"defaultValue":"","expression":"","hideExpression":"false","max":null,"min":null,"noLabel":"false","required":"false","unique":"false"},"type":"SINGLE_LINE_TEXT","var":"文字列__1行_"}},"id":"1","label":"__ROOT__","properties":null,"var":"__ROOT__"}},"settingsNotesForm":{"content":null,"willBeInherited":null},"status":{"actions":[],"filters":[],"initialStateId":null,"states":[],"useStatus":"false"},"uuid":"be9e111a-a5f7-4bf7-b933-9434044444f7","views":[{"advancedMode":null,"builtinType":"ALL","device":null,"fields":[{"row":[{"columnWidth":null,"id":"13457525"},{"columnWidth":null,"id":"13457533"},{"columnWidth":null,"id":"13457534"},{"columnWidth":null,"id":"13457626"},{"columnWidth":null,"id":"13457627"},{"columnWidth":null,"id":"13457629"},{"columnWidth":null,"id":"13457954"}]}],"filter":{"category":null,"offset":null,"order":[],"q":null,"size":null,"sort":[]},"html":null,"keyFieldId":null,"name":"（すべて）","pager":null,"revision":null,"titleFieldId":null,"view":"20","viewType":"LIST"}]},{"acl":{"app":[],"field":[],"record":[]},"app":null,"category":{"categories":[],"useCategory":"false"},"form":{"layout":"[{\"id\":null,\"type\":\"ROW\",\"isSubTable\":false,\"var\":null,\"label\":null,\"controlList\":[{\"isVirtical\":true,\"styleMap\":{\"width\":246},\"type\":\"SINGLE_LINE_TEXT\",\"var\":\"ルックアップ\",\"label\":\"社員番号\"},{\"isVirtical\":true,\"styleMap\":{\"width\":193},\"type\":\"SINGLE_LINE_TEXT\",\"var\":\"user_name\",\"label\":\"名前\"}]},{\"id\":null,\"type\":\"ROW\",\"isSubTable\":false,\"var\":null,\"label\":null,\"controlList\":[{\"styleMap\":{\"width\":764},\"type\":\"HR\"}]},{\"id\":null,\"type\":\"ROW\",\"isSubTable\":false,\"var\":null,\"label\":null,\"controlList\":[{\"isVirtical\":true,\"styleMap\":{\"width\":117},\"type\":\"DATE\",\"var\":\"date\",\"label\":\"生産日\"},{\"styleMap\":{\"width\":212,\"height\":66},\"elementId\":\"line_name_drop\",\"type\":\"SPACER\"},{\"isVirtical\":true,\"styleMap\":{\"width\":193},\"type\":\"SINGLE_LINE_TEXT\",\"var\":\"line_name\",\"label\":\"ライン名\"},{\"styleMap\":{\"width\":224,\"height\":66},\"elementId\":\"model_name_drop\",\"type\":\"SPACER\"},{\"isVirtical\":true,\"styleMap\":{\"width\":220},\"type\":\"SINGLE_LINE_TEXT\",\"var\":\"model_name\",\"label\":\"機種名\"},{\"isVirtical\":true,\"styleMap\":{\"width\":193},\"type\":\"SINGLE_LINE_TEXT\",\"var\":\"model_code\",\"label\":\"BKC\"}]},{\"id\":null,\"type\":\"ROW\",\"isSubTable\":false,\"var\":null,\"label\":null,\"controlList\":[{\"styleMap\":{\"width\":764},\"type\":\"HR\"}]},{\"id\":null,\"type\":\"ROW\",\"isSubTable\":false,\"var\":null,\"label\":null,\"controlList\":[{\"label\":\"\\u003Cdiv\\u003E\\u003Cdiv style=\\\"text-align:left\\\"\\u003E\\u003Cfont size=\\\"4\\\"\\u003E■生産実績\\u003C/font\\u003E\\u003C/div\\u003E\\u003C/div\\u003E\",\"styleMap\":{\"width\":154},\"formatted\":\"\\u003Cdiv\\u003E\\u003Cdiv style=\\\"text-align:left\\\"\\u003E\\u003Cfont size=\\\"4\\\"\\u003E■生産実績\\u003C/font\\u003E\\u003C/div\\u003E\\u003C/div\\u003E\",\"type\":\"LABEL\"}]},{\"id\":null,\"type\":\"ROW\",\"isSubTable\":false,\"var\":null,\"label\":null,\"controlList\":[{\"isVirtical\":true,\"styleMap\":{\"width\":193},\"type\":\"DECIMAL\",\"var\":\"production_number\",\"label\":\"予定台数\"},{\"isVirtical\":true,\"styleMap\":{\"width\":193},\"type\":\"DECIMAL\",\"var\":\"target_number\",\"label\":\"目標台数\"},{\"isVirtical\":true,\"styleMap\":{\"width\":193},\"type\":\"DECIMAL\",\"var\":\"actual_number\",\"label\":\"実績台数\"},{\"isVirtical\":true,\"styleMap\":{\"width\":193},\"type\":\"CALC\",\"var\":\"productivity\",\"label\":\"生産性\"}]},{\"id\":\"13457604\",\"type\":\"SUBTABLE\",\"isSubTable\":true,\"var\":\"man_hours_table\",\"label\":\"工数\",\"controlList\":[{\"isVirtical\":true,\"styleMap\":{\"width\":116},\"type\":\"SINGLE_CHECK\",\"var\":\"work_type\",\"label\":\"勤務区分\",\"align\":\"vertical\"},{\"isVirtical\":true,\"styleMap\":{\"width\":116},\"type\":\"SINGLE_CHECK\",\"var\":\"personnel_type\",\"label\":\"人員区分\",\"align\":\"vertical\"},{\"isVirtical\":true,\"styleMap\":{\"width\":96},\"type\":\"DECIMAL\",\"var\":\"数値_2\",\"label\":\"作業時間\"},{\"isVirtical\":true,\"styleMap\":{\"width\":75},\"type\":\"DECIMAL\",\"var\":\"数値_4\",\"label\":\"人数\"},{\"isVirtical\":true,\"styleMap\":{\"width\":126},\"type\":\"CALC\",\"var\":\"man_hours\",\"label\":\"工数\"}]},{\"id\":null,\"type\":\"ROW\",\"isSubTable\":false,\"var\":null,\"label\":null,\"controlList\":[{\"isVirtical\":true,\"styleMap\":{},\"canvasData\":[{\"id\":null,\"type\":\"ROW\",\"isSubTable\":false,\"var\":null,\"label\":null,\"controlList\":[{\"isVirtical\":true,\"styleMap\":{\"width\":193},\"type\":\"DECIMAL\",\"var\":\"inside_time\",\"label\":\"社内定時合計\"},{\"isVirtical\":true,\"styleMap\":{\"width\":193},\"type\":\"DECIMAL\",\"var\":\"outside_time\",\"label\":\"社外定時合計\"},{\"isVirtical\":true,\"styleMap\":{\"width\":193},\"type\":\"DECIMAL\",\"var\":\"inside_overtime\",\"label\":\"社内残業合計\"},{\"isVirtical\":true,\"styleMap\":{\"width\":193},\"type\":\"DECIMAL\",\"var\":\"outside_overtime\",\"label\":\"社外残業合計\"}]}],\"type\":\"GROUP\",\"var\":\"グループ\",\"label\":\"グループ\"}]},{\"id\":null,\"type\":\"ROW\",\"isSubTable\":false,\"var\":null,\"label\":null,\"controlList\":[{\"styleMap\":{\"width\":752},\"type\":\"HR\"}]},{\"id\":\"13457852\",\"type\":\"SUBTABLE\",\"isSubTable\":true,\"var\":\"chg_o_table\",\"label\":\"4M変更(その他)\",\"controlList\":[{\"isVirtical\":true,\"styleMap\":{\"width\":116},\"type\":\"SINGLE_SELECT\",\"var\":\"ドロップダウン_0\",\"label\":\"分類\"},{\"isVirtical\":true,\"styleMap\":{\"width\":321},\"type\":\"SINGLE_LINE_TEXT\",\"var\":\"文字列__1行__5\",\"label\":\"変化点\"},{\"isVirtical\":true,\"styleMap\":{\"width\":743},\"type\":\"SINGLE_LINE_TEXT\",\"var\":\"文字列__1行__6\",\"label\":\"注意点\"}]},{\"id\":null,\"type\":\"ROW\",\"isSubTable\":false,\"var\":null,\"label\":null,\"controlList\":[{\"styleMap\":{\"width\":752},\"type\":\"HR\"}]},{\"id\":null,\"type\":\"ROW\",\"isSubTable\":false,\"var\":null,\"label\":null,\"controlList\":[{\"label\":\"\\u003Cdiv\\u003E\\u003Cfont size=\\\"4\\\"\\u003E■品質状況\\u003C/font\\u003E\\u003C/div\\u003E\",\"styleMap\":{\"width\":122},\"formatted\":\"\\u003Cdiv\\u003E\\u003Cfont size=\\\"4\\\"\\u003E■品質状況\\u003C/font\\u003E\\u003C/div\\u003E\",\"type\":\"LABEL\"}]},{\"id\":null,\"type\":\"ROW\",\"isSubTable\":false,\"var\":null,\"label\":null,\"controlList\":[{\"isVirtical\":true,\"styleMap\":{\"width\":529},\"type\":\"SINGLE_CHECK\",\"var\":\"ラジオボタン_1\",\"label\":\"アラーム\",\"align\":\"horizontal\"}]},{\"id\":\"13457853\",\"type\":\"SUBTABLE\",\"isSubTable\":true,\"var\":\"deflist_table\",\"label\":\"不良一覧\",\"controlList\":[{\"isVirtical\":true,\"styleMap\":{\"width\":103},\"type\":\"SINGLE_LINE_TEXT\",\"var\":\"文字列__1行__11\",\"label\":\"不良名\"},{\"isVirtical\":true,\"styleMap\":{\"width\":83},\"type\":\"DECIMAL\",\"var\":\"数値_1\",\"label\":\"件数\"},{\"isVirtical\":true,\"styleMap\":{\"width\":124},\"type\":\"SINGLE_LINE_TEXT\",\"var\":\"文字列__1行__4\",\"label\":\"リファレンス\"},{\"isVirtical\":true,\"styleMap\":{\"width\":318},\"type\":\"SINGLE_LINE_TEXT\",\"var\":\"文字列__1行__15\",\"label\":\"波及性有無と理由(他の製品に問題はないか)\"},{\"isVirtical\":true,\"styleMap\":{\"width\":306},\"type\":\"SINGLE_LINE_TEXT\",\"var\":\"文字列__1行__16\",\"label\":\"原因\"},{\"isVirtical\":true,\"styleMap\":{\"width\":298},\"type\":\"SINGLE_LINE_TEXT\",\"var\":\"文字列__1行__17\",\"label\":\"対策\"},{\"isVirtical\":true,\"styleMap\":{\"width\":131},\"type\":\"SINGLE_LINE_TEXT\",\"var\":\"文字列__1行__18\",\"label\":\"その他\"},{\"isVirtical\":true,\"styleMap\":{\"width\":116},\"type\":\"SINGLE_SELECT\",\"var\":\"ドロップダウン\",\"label\":\"分類\"}]},{\"id\":null,\"type\":\"ROW\",\"isSubTable\":false,\"var\":null,\"label\":null,\"controlList\":[{\"isVirtical\":true,\"styleMap\":{},\"canvasData\":[{\"id\":null,\"type\":\"ROW\",\"isSubTable\":false,\"var\":null,\"label\":null,\"controlList\":[{\"isVirtical\":true,\"styleMap\":{\"width\":193},\"type\":\"SINGLE_LINE_TEXT\",\"var\":\"man_hours_text\",\"label\":\"工数\"},{\"isVirtical\":true,\"styleMap\":{\"width\":193},\"type\":\"SINGLE_LINE_TEXT\",\"var\":\"chg_o_text\",\"label\":\"4M変更(その他)\"},{\"isVirtical\":true,\"styleMap\":{\"width\":193},\"type\":\"SINGLE_LINE_TEXT\",\"var\":\"deflist_text\",\"label\":\"不良一覧\"}]},{\"id\":null,\"type\":\"ROW\",\"isSubTable\":false,\"var\":null,\"label\":null,\"controlList\":[{\"isVirtical\":true,\"styleMap\":{\"width\":193},\"type\":\"DECIMAL\",\"var\":\"added_value\",\"label\":\"付加価値\"}]}],\"type\":\"GROUP\",\"var\":\"グループ_0\",\"label\":\"グループ\"}]}]","revision":null},"iconMeta":null,"info":{"automaticallyChooseTitleComponent":"true","code":null,"decimalPrecision":"16","decimalScale":"4","description":"","enableBulkDeletion":"false","enableRecordReuse":"true","fiscalYearStartMonth":"4","iconKey":"APP39","iconType":"PRESET","jsFiles":null,"jsScope":"ALL","name":"生産日報報告書(BOX)","roundingMode":"HALF_EVEN","theme":"PLAIN","titleComponentLocalId":null,"useComment":"true","useHistory":"true","useInlineEditAndDelete":"true","useThumbnail":"true"},"jsFiles":[{"jsFileMetas":[{"internalName":null,"locationType":"BLOB","mime":"text/css","name":"レコード編集ボタン.css","url":null},{"internalName":null,"locationType":"BLOB","mime":"text/css","name":"生産日報報告書.css","url":null}],"jsType":"DESKTOP_CSS"},{"jsFileMetas":[{"internalName":null,"locationType":"BLOB","mime":"application/javascript","name":"日付をユーザーが指定してレコードを絞り込むボタン.js","url":null},{"internalName":null,"locationType":"BLOB","mime":"application/javascript","name":"ファイルに書き出すボタンを作成.js","url":null},{"internalName":null,"locationType":"BLOB","mime":"application/javascript","name":"レコード編集ボタン.js","url":null},{"internalName":null,"locationType":"BLOB","mime":"application/javascript","name":"テーブルシリアライズ.js","url":null},{"internalName":null,"locationType":"BLOB","mime":"application/javascript","name":"生産日報報告書.js","url":null}],"jsType":"DESKTOP"}],"notification":{"appNotifications":[{"events":["RECORD_COMMENT_ADDED"],"target":{"entityId":"13457513","entityType":"FIELD_ENTITY","includeSubs":"false"}},{"events":["RECORD_COMMENT_ADDED"],"target":{"entityId":"13457514","entityType":"FIELD_ENTITY","includeSubs":"false"}}],"recordNotifications":[],"reminderTimezone":null,"reminders":[],"useComment":"true","useReminder":"false"},"plugins":[],"reports":[],"resource":{"tables":[{"rows":[{"fields":[],"objectId":"0","subObjectId":"-1"}],"type":"AppName"},{"rows":[{"fields":[],"objectId":"0","subObjectId":"-1"}],"type":"AppDescription"},{"rows":[{"fields":[],"objectId":"13457512","subObjectId":"-1"},{"fields":[],"objectId":"13457513","subObjectId":"-1"},{"fields":[],"objectId":"13457514","subObjectId":"-1"},{"fields":[],"objectId":"13457515","subObjectId":"-1"},{"fields":[],"objectId":"13457516","subObjectId":"-1"},{"fields":[],"objectId":"13457517","subObjectId":"-1"},{"fields":[],"objectId":"13457518","subObjectId":"-1"},{"fields":[],"objectId":"13457519","subObjectId":"-1"},{"fields":[],"objectId":"13457539","subObjectId":"-1"},{"fields":[],"objectId":"13457540","subObjectId":"-1"},{"fields":[],"objectId":"13457543","subObjectId":"-1"},{"fields":[],"objectId":"13457544","subObjectId":"-1"},{"fields":[],"objectId":"13457545","subObjectId":"-1"},{"fields":[],"objectId":"13457549","subObjectId":"-1"},{"fields":[],"objectId":"13457604","subObjectId":"-1"},{"fields":[],"objectId":"13457599","subObjectId":"-1"},{"fields":[],"objectId":"13457599","subObjectId":"13457590"},{"fields":[],"objectId":"13457599","subObjectId":"13457591"},{"fields":[],"objectId":"13457600","subObjectId":"-1"},{"fields":[],"objectId":"13457600","subObjectId":"13457592"},{"fields":[],"objectId":"13457600","subObjectId":"13457593"},{"fields":[],"objectId":"13457601","subObjectId":"-1"},{"fields":[],"objectId":"13457602","subObjectId":"-1"},{"fields":[],"objectId":"13457603","subObjectId":"-1"},{"fields":[],"objectId":"13457605","subObjectId":"-1"},{"fields":[],"objectId":"13457646","subObjectId":"-1"},{"fields":[],"objectId":"13457646","subObjectId":"13457644"},{"fields":[],"objectId":"13457646","subObjectId":"13457645"},{"fields":[],"objectId":"13457852","subObjectId":"-1"},{"fields":[],"objectId":"13457842","subObjectId":"-1"},{"fields":[],"objectId":"13457842","subObjectId":"13457826"},{"fields":[],"objectId":"13457842","subObjectId":"13458049"},{"fields":[],"objectId":"13457842","subObjectId":"13457827"},{"fields":[],"objectId":"13457842","subObjectId":"13457831"},{"fields":[],"objectId":"13457843","subObjectId":"-1"},{"fields":[],"objectId":"13457844","subObjectId":"-1"},{"fields":[],"objectId":"13457853","subObjectId":"-1"},{"fields":[],"objectId":"13457913","subObjectId":"-1"},{"fields":[],"objectId":"13457933","subObjectId":"-1"},{"fields":[],"objectId":"13457943","subObjectId":"-1"},{"fields":[],"objectId":"13457944","subObjectId":"-1"},{"fields":[],"objectId":"13457945","subObjectId":"-1"},{"fields":[],"objectId":"13457946","subObjectId":"-1"},{"fields":[],"objectId":"13457947","subObjectId":"-1"},{"fields":[],"objectId":"13457952","subObjectId":"-1"},{"fields":[],"objectId":"13457952","subObjectId":"13457948"},{"fields":[],"objectId":"13457952","subObjectId":"13457949"},{"fields":[],"objectId":"13457952","subObjectId":"13457950"},{"fields":[],"objectId":"13457952","subObjectId":"13457951"},{"fields":[],"objectId":"13457867","subObjectId":"-1"},{"fields":[],"objectId":"13457868","subObjectId":"-1"},{"fields":[],"objectId":"13457882","subObjectId":"-1"},{"fields":[],"objectId":"13457883","subObjectId":"-1"},{"fields":[],"objectId":"13457884","subObjectId":"-1"},{"fields":[],"objectId":"13457885","subObjectId":"-1"},{"fields":[],"objectId":"13457890","subObjectId":"-1"},{"fields":[],"objectId":"13457894","subObjectId":"-1"},{"fields":[],"objectId":"13457895","subObjectId":"-1"},{"fields":[],"objectId":"13458156","subObjectId":"-1"},{"fields":[],"objectId":"13458158","subObjectId":"-1"}],"type":"FieldLabel"},{"rows":[{"fields":[],"objectId":"20","subObjectId":"-1"}],"type":"ViewName"},{"rows":[],"type":"CategoryName"}]},"schema":{"groups":[{"childLocalId":"13457882","vtComponentLocalId":"13457886"},{"childLocalId":"13457883","vtComponentLocalId":"13457886"},{"childLocalId":"13457884","vtComponentLocalId":"13457886"},{"childLocalId":"13457885","vtComponentLocalId":"13457886"},{"childLocalId":"13457890","vtComponentLocalId":"13457889"},{"childLocalId":"13457894","vtComponentLocalId":"13457889"},{"childLocalId":"13457895","vtComponentLocalId":"13457889"},{"childLocalId":"13458158","vtComponentLocalId":"13457889"}],"revision":null,"subTable":{"13457604":{"fieldList":{"13457599":{"id":"13457599","label":"勤務区分","properties":{"defaultValue":"13457590","noLabel":"false","options":[{"id":"13457590","label":"通常","valid":true},{"id":"13457591","label":"残業","valid":true}],"required":"true"},"type":"SINGLE_CHECK","var":"work_type"},"13457600":{"id":"13457600","label":"人員区分","properties":{"defaultValue":"13457592","noLabel":"false","options":[{"id":"13457592","label":"社内","valid":true},{"id":"13457593","label":"社外","valid":true}],"required":"true"},"type":"SINGLE_CHECK","var":"personnel_type"},"13457601":{"id":"13457601","label":"作業時間","properties":{"defaultValue":null,"digit":"false","displayScale":null,"max":null,"min":null,"noLabel":"false","required":"false","roundingMode":null,"scale":null,"unique":"false","unit":"時間","unitPosition":"AFTER"},"type":"DECIMAL","var":"数値_2"},"13457602":{"id":"13457602","label":"人数","properties":{"defaultValue":null,"digit":"false","displayScale":null,"max":null,"min":null,"noLabel":"false","required":"false","roundingMode":null,"scale":null,"unique":"false","unit":"名","unitPosition":"AFTER"},"type":"DECIMAL","var":"数値_4"},"13457603":{"id":"13457603","label":"工数","properties":{"displayScale":null,"expression":"数値_2 * 数値_4","format":"NUMBER","hideExpression":"true","noLabel":"false","required":"false","roundingMode":null,"scale":null,"unit":"時間","unitPosition":"AFTER"},"type":"CALC","var":"man_hours"}},"id":"13457604","label":"工数","properties":{"noLabel":"false"},"var":"man_hours_table"},"13457852":{"fieldList":{"13457842":{"id":"13457842","label":"分類","properties":{"defaultValue":null,"noLabel":"false","options":[{"id":"13457826","label":"人","valid":true},{"id":"13458049","label":"機械","valid":true},{"id":"13457827","label":"材料","valid":true},{"id":"13457831","label":"方法","valid":true}],"required":"false"},"type":"SINGLE_SELECT","var":"ドロップダウン_0"},"13457843":{"id":"13457843","label":"変化点","properties":{"defaultValue":"","expression":"","hideExpression":"false","max":null,"min":null,"noLabel":"false","required":"false","unique":"false"},"type":"SINGLE_LINE_TEXT","var":"文字列__1行__5"},"13457844":{"id":"13457844","label":"注意点","properties":{"defaultValue":"","expression":"","hideExpression":"false","max":null,"min":null,"noLabel":"false","required":"false","unique":"false"},"type":"SINGLE_LINE_TEXT","var":"文字列__1行__6"}},"id":"13457852","label":"4M変更(その他)","properties":{"noLabel":"false"},"var":"chg_o_table"},"13457853":{"fieldList":{"13457913":{"id":"13457913","label":"不良名","properties":{"defaultValue":"","expression":"","hideExpression":"false","max":null,"min":null,"noLabel":"false","required":"false","unique":"false"},"type":"SINGLE_LINE_TEXT","var":"文字列__1行__11"},"13457933":{"id":"13457933","label":"件数","properties":{"defaultValue":null,"digit":"false","displayScale":null,"max":null,"min":null,"noLabel":"false","required":"false","roundingMode":null,"scale":null,"unique":"false","unit":"件","unitPosition":"AFTER"},"type":"DECIMAL","var":"数値_1"},"13457943":{"id":"13457943","label":"リファレンス","properties":{"defaultValue":"","expression":"","hideExpression":"false","max":null,"min":null,"noLabel":"false","required":"false","unique":"false"},"type":"SINGLE_LINE_TEXT","var":"文字列__1行__4"},"13457944":{"id":"13457944","label":"波及性有無と理由(他の製品に問題はないか)","properties":{"defaultValue":"","expression":"","hideExpression":"false","max":null,"min":null,"noLabel":"false","required":"false","unique":"false"},"type":"SINGLE_LINE_TEXT","var":"文字列__1行__15"},"13457945":{"id":"13457945","label":"原因","properties":{"defaultValue":"","expression":"","hideExpression":"false","max":null,"min":null,"noLabel":"false","required":"false","unique":"false"},"type":"SINGLE_LINE_TEXT","var":"文字列__1行__16"},"13457946":{"id":"13457946","label":"対策","properties":{"defaultValue":"","expression":"","hideExpression":"false","max":null,"min":null,"noLabel":"false","required":"false","unique":"false"},"type":"SINGLE_LINE_TEXT","var":"文字列__1行__17"},"13457947":{"id":"13457947","label":"その他","properties":{"defaultValue":"","expression":"","hideExpression":"false","max":null,"min":null,"noLabel":"false","required":"false","unique":"false"},"type":"SINGLE_LINE_TEXT","var":"文字列__1行__18"},"13457952":{"id":"13457952","label":"分類","properties":{"defaultValue":null,"noLabel":"false","options":[{"id":"13457948","label":"L","valid":true},{"id":"13457949","label":"P","valid":true},{"id":"13457950","label":"SMT","valid":true},{"id":"13457951","label":"その他","valid":true}],"required":"false"},"type":"SINGLE_SELECT","var":"ドロップダウン"}},"id":"13457853","label":"不良一覧","properties":{"noLabel":"false"},"var":"deflist_table"}},"table":{"fieldList":{"13457512":{"id":"13457512","label":"レコード番号","properties":{"noLabel":"false","required":"true"},"type":"RECORD_ID","var":"レコード番号"},"13457513":{"id":"13457513","label":"更新者","properties":{"noLabel":"false","required":"true"},"type":"MODIFIER","var":"更新者"},"13457514":{"id":"13457514","label":"作成者","properties":{"noLabel":"false","required":"true"},"type":"CREATOR","var":"作成者"},"13457515":{"id":"13457515","label":"更新日時","properties":{"noLabel":"false","required":"true"},"type":"MODIFIED_AT","var":"更新日時"},"13457516":{"id":"13457516","label":"作成日時","properties":{"noLabel":"false","required":"true"},"type":"CREATED_AT","var":"作成日時"},"13457517":{"id":"13457517","label":"ステータス","properties":{"noLabel":"false","required":"false"},"type":"STATUS","var":"ステータス"},"13457518":{"id":"13457518","label":"作業者","properties":{"noLabel":"false","required":"false"},"type":"STATUS_ASSIGNEE","var":"作業者"},"13457519":{"id":"13457519","label":"カテゴリー","properties":{"noLabel":"false","required":"false"},"type":"CATEGORY","var":"カテゴリー"},"13457539":{"id":"13457539","label":"社員番号","properties":{"defaultValue":"","expression":"","hideExpression":"false","max":null,"min":null,"noLabel":"false","required":"true","unique":"false"},"type":"SINGLE_LINE_TEXT","var":"ルックアップ"},"13457540":{"id":"13457540","label":"名前","properties":{"defaultValue":"","expression":"","hideExpression":"false","max":null,"min":null,"noLabel":"false","required":"true","unique":"false"},"type":"SINGLE_LINE_TEXT","var":"user_name"},"13457543":{"id":"13457543","label":"予定台数","properties":{"defaultValue":null,"digit":"true","displayScale":null,"max":null,"min":null,"noLabel":"false","required":"true","roundingMode":null,"scale":null,"unique":"false","unit":"台","unitPosition":"AFTER"},"type":"DECIMAL","var":"production_number"},"13457544":{"id":"13457544","label":"目標台数","properties":{"defaultValue":null,"digit":"true","displayScale":null,"max":null,"min":null,"noLabel":"false","required":"true","roundingMode":null,"scale":null,"unique":"false","unit":"台","unitPosition":"AFTER"},"type":"DECIMAL","var":"target_number"},"13457545":{"id":"13457545","label":"実績台数","properties":{"defaultValue":null,"digit":"true","displayScale":null,"max":null,"min":null,"noLabel":"false","required":"true","roundingMode":null,"scale":null,"unique":"false","unit":"台","unitPosition":"AFTER"},"type":"DECIMAL","var":"actual_number"},"13457549":{"id":"13457549","label":"生産日","properties":{"defaultExpression":"NOW","defaultValue":null,"noLabel":"false","required":"true","unique":"false"},"type":"DATE","var":"date"},"13457605":{"id":"13457605","label":"生産性","properties":{"displayScale":"0","expression":"actual_number / production_number * 100","format":"NUMBER_DIGIT","hideExpression":"true","noLabel":"false","required":"false","roundingMode":null,"scale":null,"unit":"%","unitPosition":"AFTER"},"type":"CALC","var":"productivity"},"13457646":{"id":"13457646","label":"アラーム","properties":{"defaultValue":"13457645","noLabel":"false","options":[{"id":"13457644","label":"有り","valid":true},{"id":"13457645","label":"無し","valid":true}],"required":"true"},"type":"SINGLE_CHECK","var":"ラジオボタン_1"},"13457867":{"id":"13457867","label":"機種名","properties":{"defaultValue":"","expression":"","hideExpression":"false","max":null,"min":null,"noLabel":"false","required":"false","unique":"false"},"type":"SINGLE_LINE_TEXT","var":"model_name"},"13457868":{"id":"13457868","label":"ライン名","properties":{"defaultValue":"","expression":"","hideExpression":"false","max":null,"min":null,"noLabel":"false","required":"false","unique":"false"},"type":"SINGLE_LINE_TEXT","var":"line_name"},"13457882":{"id":"13457882","label":"社内定時合計","properties":{"defaultValue":null,"digit":"false","displayScale":null,"max":null,"min":null,"noLabel":"false","required":"false","roundingMode":null,"scale":null,"unique":"false","unit":"","unitPosition":"BEFORE"},"type":"DECIMAL","var":"inside_time"},"13457883":{"id":"13457883","label":"社外定時合計","properties":{"defaultValue":null,"digit":"false","displayScale":null,"max":null,"min":null,"noLabel":"false","required":"false","roundingMode":null,"scale":null,"unique":"false","unit":"","unitPosition":"BEFORE"},"type":"DECIMAL","var":"outside_time"},"13457884":{"id":"13457884","label":"社内残業合計","properties":{"defaultValue":null,"digit":"false","displayScale":null,"max":null,"min":null,"noLabel":"false","required":"false","roundingMode":null,"scale":null,"unique":"false","unit":"","unitPosition":"BEFORE"},"type":"DECIMAL","var":"inside_overtime"},"13457885":{"id":"13457885","label":"社外残業合計","properties":{"defaultValue":null,"digit":"false","displayScale":null,"max":null,"min":null,"noLabel":"false","required":"false","roundingMode":null,"scale":null,"unique":"false","unit":"","unitPosition":"BEFORE"},"type":"DECIMAL","var":"outside_overtime"},"13457886":{"id":"13457886","label":"グループ","properties":{"noLabel":"true","open":"true","required":"false"},"type":"GROUP","var":"グループ"},"13457889":{"id":"13457889","label":"グループ","properties":{"noLabel":"false","open":"false","required":"false"},"type":"GROUP","var":"グループ_0"},"13457890":{"id":"13457890","label":"工数","properties":{"defaultValue":"","expression":"","hideExpression":"false","max":null,"min":null,"noLabel":"false","required":"false","unique":"false"},"type":"SINGLE_LINE_TEXT","var":"man_hours_text"},"13457894":{"id":"13457894","label":"4M変更(その他)","properties":{"defaultValue":"","expression":"","hideExpression":"false","max":null,"min":null,"noLabel":"false","required":"false","unique":"false"},"type":"SINGLE_LINE_TEXT","var":"chg_o_text"},"13457895":{"id":"13457895","label":"不良一覧","properties":{"defaultValue":"","expression":"","hideExpression":"false","max":null,"min":null,"noLabel":"false","required":"false","unique":"false"},"type":"SINGLE_LINE_TEXT","var":"deflist_text"},"13458156":{"id":"13458156","label":"BKC","properties":{"defaultValue":"","expression":"","hideExpression":"false","max":null,"min":null,"noLabel":"false","required":"false","unique":"false"},"type":"SINGLE_LINE_TEXT","var":"model_code"},"13458158":{"id":"13458158","label":"付加価値","properties":{"defaultValue":null,"digit":"false","displayScale":"2","max":null,"min":null,"noLabel":"false","required":"false","roundingMode":null,"scale":null,"unique":"false","unit":"","unitPosition":"BEFORE"},"type":"DECIMAL","var":"added_value"}},"id":"1","label":"__ROOT__","properties":null,"var":"__ROOT__"}},"settingsNotesForm":{"content":null,"willBeInherited":null},"status":{"actions":[],"filters":[],"initialStateId":null,"states":[],"useStatus":"false"},"uuid":"b3506a02-156e-446e-99a5-3eaaac543caf","views":[{"advancedMode":null,"builtinType":"ALL","device":null,"fields":[{"row":[{"columnWidth":null,"id":"13457512"},{"columnWidth":null,"id":"13457539"},{"columnWidth":null,"id":"13457540"},{"columnWidth":null,"id":"13457543"},{"columnWidth":null,"id":"13457544"},{"columnWidth":null,"id":"13457545"},{"columnWidth":null,"id":"13457549"},{"columnWidth":null,"id":"13457605"},{"columnWidth":null,"id":"13457646"},{"columnWidth":null,"id":"13457867"},{"columnWidth":null,"id":"13457868"},{"columnWidth":null,"id":"13457882"},{"columnWidth":null,"id":"13457883"},{"columnWidth":null,"id":"13457884"},{"columnWidth":null,"id":"13457885"},{"columnWidth":null,"id":"13457890"},{"columnWidth":null,"id":"13457894"},{"columnWidth":null,"id":"13457895"},{"columnWidth":null,"id":"13458156"},{"columnWidth":null,"id":"13458158"}]}],"filter":{"category":null,"offset":null,"order":[],"q":null,"size":null,"sort":[]},"html":null,"keyFieldId":null,"name":"（すべて）","pager":null,"revision":null,"titleFieldId":null,"view":"20","viewType":"LIST"}]}],"description":"","iconKey":"APP39","iconMeta":null,"iconSrcAppId":"b3506a02-156e-446e-99a5-3eaaac543caf","iconType":"PRESET","imagesMeta":[],"lookups":[{"actingAppId":"b3506a02-156e-446e-99a5-3eaaac543caf","fieldMappings":[{"fieldId":"13457540","targetFieldId":"13457534"}],"keyMapping":{"fieldId":"13457539","targetFieldId":"13457533"},"listFields":["13457534"],"query":{"category":null,"offset":null,"order":["desc"],"q":"order by f13457525 desc","size":null,"sort":["f13457525"]},"targetAppId":"be9e111a-a5f7-4bf7-b933-9434044444f7"}],"name":"生産日報報告書(BOX)","references":[],"version":"44"}